id,Image
82c1f472-0730-4ec7-bf17-c57131c59ef3,leonardo_dicaprio
0351cbc6-9560-462f-addc-bfd37ff34ecb,scarlett_johansson
d3a7d8a3-7b43-4b6d-8576-9965645906dc,brad_pitt
40d8ea31-9dcc-4bf4-8f1d-b4301230751c,sandra_bullock
5eb66016-bc4f-45f0-ae8c-20e3ade5d273,leonardo_dicaprio
6a1c0399-431b-4e6d-9eb9-ea09c408e58d,kate_winslet
76fc4b7a-d384-4217-b754-84a214a8fd47,will_smith
0bcf0fd6-a9ea-4dcf-a142-f5a4ffed812e,angelina_jolie
26b2e834-c7f1-423d-987c-35038a0b4241,brad_pitt
e0495154-7a77-4e51-8ff2-8269e022cb04,tom_hanks
d248e1ac-04a5-484a-a3a7-7d77809d6622,megan_fox
b76dfaef-5ea3-4c00-b717-f1256352fe80,leonardo_dicaprio
f6558acd-faf7-4a0a-ad88-730026f87d86,will_smith
134fa47c-30fb-4049-b5d6-eb8d29f99ade,tom_hanks
d4e42a3b-f2c2-4f10-b73d-c5cea03e07f2,robert_downey_jr
a9481776-71bb-4fc4-af5c-4ae7bd197a93,denzel_washington
a7d3bf4e-0e5d-423c-9dc4-c6a5b84b5891,leonardo_dicaprio
9e7dd134-3e92-4d32-8915-7fd61d839fca,leonardo_dicaprio
84384e6f-9a16-4a94-9f2c-7e7afadfa190,leonardo_dicaprio
2db115fd-30b0-4b5d-aceb-010ed8921bfb,johnny_depp
8988d796-81b3-47ae-a0ed-84655c2671ca,hugh_jackman
eb2ab804-d215-42d7-b779-7f6222688546,jennifer_lawrence
dbb68b1d-4d12-425e-b53e-a2fe8bdb4fc7,robert_downey_jr
404cf211-b9a7-4418-9856-25ec12065014,kate_winslet
2db0ed17-ec8b-431b-8f62-a5203e36ff9c,kate_winslet
5bbd73b7-1142-41e3-a178-b5709068fd1b,tom_cruise
03f8e15f-def0-4168-abad-bfa375338116,tom_cruise
43fcdf90-cacf-4681-8844-9b4b6ed39df2,tom_cruise
185034ad-9b0b-408d-b156-834d02ea2816,tom_hanks
4563841b-4653-4356-a902-c1615b60e1ca,kate_winslet
bf207247-b226-4186-b4a2-2c5d1671f186,jennifer_lawrence
86cbf6cc-e97d-4e53-b404-0c51dccbeade,jennifer_lawrence
c1c378cb-ee3a-4215-bae0-18120328a861,robert_downey_jr
6f2c262d-b8ae-44df-985e-561f6f523734,robert_downey_jr
67d29bc9-a845-489b-9f16-a75ae221ec5f,kate_winslet
d6ec95a4-4fc1-4df7-83b5-4b0042e2fcb0,angelina_jolie
b988d7ac-4c1e-468e-894f-6b5e5e6b6d27,kate_winslet
415db3e4-bb6f-4d0e-afaa-7989483ae80b,kate_winslet
de5458a0-fa11-43ba-bea3-31aadae0291f,brad_pitt
82d68a0e-84f1-4064-bdae-993d4b5799a7,natalie_portman
b6350030-127a-41ec-b3f7-47429cbcd734,angelina_jolie
09ac1458-b2e3-43af-a007-2e4ee19c8f29,kate_winslet
dec8dc66-94d0-4254-a566-2c85414fb628,brad_pitt
c1d754d2-c056-4dbc-af53-2e86a7fb4612,will_smith
a2086d9e-8a74-4b75-9890-8330d434c4dd,kate_winslet
52c1be17-9dbb-4064-ae5f-65acb6451080,johnny_depp
c9d668c3-bd26-405e-98d8-cdc6995f4656,johnny_depp
6692cada-5f19-4b58-a04e-295e07580cba,denzel_washington
a235936b-cc9c-4b41-9c5e-0cb7aa29b977,nicole_kidman
8cfc28d6-d855-4b08-bd29-a5559b93f7ad,johnny_depp
8a5f9736-4b23-4c84-8a96-d3dc8dc3bc9f,robert_downey_jr
0bf4abb3-a43b-49d2-b18f-11740c796cf1,denzel_washington
cac3b0ee-45bc-4868-a02a-90b89a1d41ed,leonardo_dicaprio
2a7db51d-92d6-45f3-ba7f-7da5d0592d6c,leonardo_dicaprio
9666e476-1b3b-44e8-b70c-273548f7d728,tom_hanks
c2be052f-7a1d-453e-b9a2-1c02454c42e6,jennifer_lawrence
06239128-1e8b-473e-a90e-4fe346c91be3,angelina_jolie
361dd467-661d-466a-a811-92afe8ebc95f,robert_downey_jr
3d1783f3-fc1c-41b8-b107-873ae89aa948,nicole_kidman
db6b8c40-9ebe-4e85-9d8e-c0bf35bab44f,hugh_jackman
9219fd97-29a4-4507-9f6e-37f3c8c9b92b,robert_downey_jr
1adb4a68-48a5-480a-a1c9-882f9577df33,johnny_depp
9bd9aaa2-a1d8-4649-aef3-99c3755fea08,megan_fox
16a6e2b0-606f-414a-b730-7d35145a9eba,sandra_bullock
769f41ff-1496-4367-9bad-cf11d12e5f8b,jennifer_lawrence
8af231e0-0766-4bd2-bd4d-952b04f12ecd,natalie_portman
53ab9cef-cce1-4294-88ef-1d349ade019b,megan_fox
54b817ef-e742-4ea9-9fc0-c0182c805339,johnny_depp
aa876dda-2cfc-4812-8ea5-0b34ec0b841d,tom_cruise
683e1fa6-3249-4f91-822f-cde7d4b0009b,jennifer_lawrence
b6386844-3002-41a5-9782-883a6c6f159e,brad_pitt
bf96a65a-7cd3-4954-8034-9f772a63b1f5,tom_cruise
ef8bfeac-466a-4008-b83d-b7d78af36833,scarlett_johansson
afcb4066-6d56-45b6-9d73-7e1d092d10f4,johnny_depp
e35b5d1b-1765-4b81-a68c-6a9b051c64e4,brad_pitt
808ca828-f04c-4852-83fb-c59d46b4a8e4,tom_hanks
9e05eb11-b2cc-4f64-9e6f-f006f9e92e31,nicole_kidman
5d71d1e9-1d2a-4e1e-813d-c1d9257b8b34,sandra_bullock
69e250bc-fd5c-474c-91e1-6299ec33aaf2,robert_downey_jr
71253031-770e-4241-80e1-057f08f433cd,tom_hanks
7eb07f80-ad5f-4702-b1b1-d0c2be13d35b,tom_hanks
a00f94b1-3ad3-45d5-8ad1-718f786de357,kate_winslet
4da059f1-644e-44b2-b877-a0484817a7b4,scarlett_johansson
fcbf2bd5-837f-4e48-99fe-bb0028a9da04,natalie_portman
2838a6d5-4dcf-462c-8122-a200f695d0bc,sandra_bullock
0311d035-4f65-47c3-a3ea-b99fe18dd2ef,tom_cruise
1577ebec-8ab7-4e2e-86c0-97589a1555c2,hugh_jackman
77edfa0c-80f3-4c0b-8cff-1ed15decc289,leonardo_dicaprio
2dbcefb8-e903-49a7-990c-5067519ab87a,kate_winslet
975e8fc0-668e-4828-ac4f-daf48634c4b8,denzel_washington
75ba533a-4ac7-49d1-847d-f3c082d30b7d,johnny_depp
ccf0679d-6d8b-4b10-a93c-a5e03a6d2d75,angelina_jolie
13fda7ad-7a65-496d-a8ba-73a904d87fe5,hugh_jackman
fe1f3c0f-f13c-4e63-b6df-02f98fcf1dbd,tom_hanks
63182a28-7fcc-4db5-99d7-a371294d81df,brad_pitt
0543b051-17c7-4249-9d9c-341f7cd5e30b,will_smith
2d829993-a8cc-4b56-9cbf-508966f2002d,leonardo_dicaprio
ec30657f-2238-440b-8107-61c498fb10ea,kate_winslet
151b34a5-4fc0-41c9-a0bb-96e732c25063,denzel_washington
83ec6e0d-f564-4974-a08a-2650c1588151,kate_winslet
5841c19b-f75c-4173-ac4f-cc1cf2fc3d7e,scarlett_johansson
06e20b3f-fb5e-42d6-8609-aea68230f28f,will_smith
6d433317-d29d-42cb-8ab8-3e65a3cfe90f,jennifer_lawrence
965f9835-7ea9-45b9-8f30-7e23d1fdf941,tom_cruise
f35b0814-49cd-43ec-877b-a97e17de7482,natalie_portman
cd6ff0a0-68d4-438c-a683-5a04d8951595,robert_downey_jr
9eed8332-f99d-49b9-8697-f0a962dace97,brad_pitt
61ed2ab4-7723-44dd-88ab-19851b44ae34,denzel_washington
51ec206b-27ae-42df-8045-1254bf387122,robert_downey_jr
777d5638-cea6-4efd-bc96-43385bb74b29,johnny_depp
587fd9a1-6f8d-437c-a961-0bb12f0e35c5,nicole_kidman
973a78e0-21ae-411b-afaf-7c9bbf2f77bf,tom_cruise
e1418ea8-8261-497b-896d-a9285641f1e7,scarlett_johansson
12f374fc-594a-48ab-8799-77c6cb571c97,kate_winslet
5ed1df4e-a246-4899-a206-0741db44fbc5,nicole_kidman
1d8f14e7-96cd-4b0a-af87-2b9823b57313,angelina_jolie
e0962a09-02d0-4e55-b2a0-45bb4af9cd8e,natalie_portman
15b9c47d-a329-4acf-b4c4-39eb3e488996,will_smith
12b11064-491b-4534-8f6f-7f30b277c2ed,megan_fox
8086a86d-bde3-4717-9df2-ffb1a6eddcba,tom_cruise
6228a579-ed6d-4fce-a14a-88f641d3fb39,sandra_bullock
2e856d4f-3d6b-4155-98c9-972997554fb2,robert_downey_jr
9959911e-6d5c-4ccf-afdb-25079193c208,tom_cruise
8818e6ff-7930-4e20-bbf7-67fa152f152e,angelina_jolie
3ec9694a-5c17-42a1-ac6b-76b3f85e0539,sandra_bullock
ae0eae0d-0573-4036-aca9-351114778b44,will_smith
e0fbe5f2-1c0f-468a-ba45-4636d4ff3af6,scarlett_johansson
37421b49-1b88-42f4-8ac2-b24188fcce19,denzel_washington
ea30cfcf-8be2-4afa-bda5-3adf0daa55cd,nicole_kidman
85eb3466-def8-4049-9070-5456058bf82a,will_smith
3a9d73ee-e653-40ee-a835-3e9c9228d9c4,scarlett_johansson
b54eb1b2-6a5a-4544-bd69-eef26b4e8eae,nicole_kidman
6bdf9b67-f7e9-41e5-9780-b80a43dfee68,nicole_kidman
4e0c3fd9-2825-499d-bd79-43693b3e1454,johnny_depp
95418f05-dc47-497d-aad6-6f3dedf2ff23,tom_hanks
4df8205d-87f5-463a-afbb-d2181b97a4bd,will_smith
fbbd1393-afb0-476e-acfe-0a594cf3c0ac,angelina_jolie
e9c13681-db7f-4a50-a52d-7aa7058d3cfe,brad_pitt
29e39ed8-8a74-4ec9-8c48-668e344780ff,tom_hanks
183722c9-da2b-4f71-9440-f8de4e44e2d8,angelina_jolie
156afce9-c98f-4081-bb31-31a510748ffe,denzel_washington
c610fcb3-25e3-4285-87e1-bb3122cdb7da,denzel_washington
c40af05d-9be1-4eb3-a6b6-259a8ae078a5,robert_downey_jr
cc06a721-106a-4028-8357-5fc09dcf6745,sandra_bullock
28deecf6-e2c0-49e7-8ec8-81a357e2298f,robert_downey_jr
b59ab402-b127-426d-860f-506a796c05db,megan_fox
f01c1aa5-2732-4f3e-b00b-c5ba4187cfd1,tom_cruise
ab348a34-7288-4a20-92fc-a681931df84e,hugh_jackman
d71f65b2-9ee7-43d1-b015-4f370e54b5b4,angelina_jolie
0d16b5ee-a2e4-4e48-8b80-3c18d0804f88,leonardo_dicaprio
cc36f826-d780-44df-8b0b-a6a0ba06c021,will_smith
adc91bb2-890e-482c-b59e-f2c2d2ee187f,tom_cruise
cbc6147d-f15c-441b-a64d-080fae154b27,will_smith
12482566-2a3a-4260-8687-53aefaf56f5b,natalie_portman
fe694261-764b-4c83-aedb-17170e62ff23,jennifer_lawrence
8338961b-69b5-4466-bb33-c81098807a2e,natalie_portman
c08eadf4-33c6-40e0-97c8-b1e1ae1f5250,denzel_washington
5ba4a258-3306-4b85-902a-3d880b95f656,tom_cruise
a451fddf-4003-40c1-9a62-8d7713ed2616,kate_winslet
3db74b79-5bbd-4ad9-9f87-15a6ecd6132e,scarlett_johansson
ad80b160-4d34-48d9-a170-5ad715dc16dc,brad_pitt
324df362-afdc-446a-a130-4b87507ecffe,tom_hanks
ec420bc7-f90c-4bb5-87cd-0e574a47ccb7,megan_fox
46c41e06-caed-4d1d-b0c6-89ca066083e6,scarlett_johansson
bd39ed1e-7cf6-49b4-bf6e-b2c3ccefe211,tom_hanks
3de5abf3-3ff4-424e-8caa-cffb329f19f2,brad_pitt
36056846-5acb-45fe-83a2-63db51c43a26,johnny_depp
2a27e61c-b168-4a41-bc3a-df8de8de799b,sandra_bullock
78bcab85-e81e-453c-b932-58c47e91523e,nicole_kidman
b89c99db-776e-48cc-aadb-006a55939ab0,robert_downey_jr
6b3d8652-d7a0-4aed-ba3e-2f602e5d9cba,jennifer_lawrence
744ad90c-97a6-4ba0-93c6-a695aa77fa6a,scarlett_johansson
fad94a08-cf2a-41a6-9fba-11ce8cab7b00,robert_downey_jr
864ab9ec-ee3f-411e-8434-0fe00596a859,jennifer_lawrence
89488d43-5c4c-460f-acff-50a63c43ccc8,jennifer_lawrence
ae35e842-1b2a-4815-be07-3ca81f471a44,scarlett_johansson
31ea81b0-fd23-49e1-81f2-e4b3a6052b12,nicole_kidman
8d216307-22bf-4195-9d46-411d882480a1,hugh_jackman
e8b6e018-3d20-457d-a89e-663dd5b6874d,johnny_depp
3108aa47-3bad-4752-be0d-8dcc3926f9a9,megan_fox
61b53463-3a7b-437e-bf88-ae56eada3b10,hugh_jackman
266ea040-4685-466a-8df9-3ef9d0ab2461,robert_downey_jr
852af831-22ce-4486-ad63-6dd7e9672a6c,tom_hanks
ffe9d7bb-2c0c-4923-b367-36599920802a,angelina_jolie
43e5a603-d4df-4376-9160-9e80d275b61b,will_smith
bb92c0b0-0345-4253-a98c-66491e9ea124,nicole_kidman
916b5f94-bced-4b37-901c-a7922b31bf7a,brad_pitt
0b5aff4d-d6d9-4971-a7ff-f57482722075,hugh_jackman
a4b939af-688b-405e-ade7-d78c10d4a6f5,johnny_depp
5f45a676-5c1d-467b-b964-bea3ab998dae,kate_winslet
f35802b7-b6df-4fb7-b3c3-95cf7bfd4528,hugh_jackman
94ed64f2-bb39-448f-9779-892a46c6c6d5,sandra_bullock
cd19dfa5-2fe5-4804-806d-47290194b37a,nicole_kidman
1bf0deb9-f193-4cd6-818b-eeceec3970ae,nicole_kidman
0ff4c414-6a61-430f-acf4-443ba4688d4d,robert_downey_jr
fc8e6005-7d85-47a1-8249-0ea942874e65,hugh_jackman
4ddf68a2-4a73-46e9-93ce-6bf12183904d,brad_pitt
cab94bdc-decb-4b40-9a42-d698fbc4b7b0,robert_downey_jr
77cd8b2a-89d3-4d55-92b2-b7ff1bac568e,natalie_portman
6ad35d68-4794-46fe-bcde-07df32f83e27,sandra_bullock
1b7085e2-2419-43b1-918b-b4bc665e0535,scarlett_johansson
bc3b7298-67f0-4538-a7c3-51b27fd2a67b,jennifer_lawrence
bd739801-c3c6-4c53-8219-02f6f7fb434f,tom_hanks
408f352f-ba2d-4fa6-8ee8-28c76c3eb227,robert_downey_jr
5b25425f-73b7-4738-b773-43e71c0a825a,natalie_portman
2d2eec15-f639-4304-9d4f-d9ac72223af8,scarlett_johansson
6a373ce8-abf4-4479-b763-77068bce529e,jennifer_lawrence
d5e528d6-9c72-437f-9689-13262cfbb320,robert_downey_jr
f0a62344-5c97-46b0-8db7-ae63eb2aa8ae,tom_hanks
e8446e22-0ad5-4bca-b983-a039ee52840f,hugh_jackman
a000a3e3-c253-489b-ac2f-a520dc68cadc,sandra_bullock
61e1fd4b-c8d4-412d-a453-cb2d882105b8,will_smith
2150a44d-482f-4345-ac4d-d223c73f131f,nicole_kidman
d5309ccb-001e-45e3-b324-2d2158c4261e,sandra_bullock
73ad39f0-0de0-4643-b171-1973e3f435a5,nicole_kidman
46ff2f20-7cca-4627-8671-1aa23c0fdfa1,brad_pitt
450c87a9-9fa5-4a24-ae02-6179a42a657a,jennifer_lawrence
311094ea-025c-469a-bdd7-b81dab13b18d,brad_pitt
1d4f6338-f27b-4e79-ab94-f714d5412d0e,natalie_portman
396e07ee-37dd-4e03-9951-1f40a7c63ece,natalie_portman
566ae17d-9e78-4d01-9080-db4ad63431e1,denzel_washington
04eaf5b4-5b3c-4503-88a2-d1ea89c5bf30,megan_fox
cc2c7b8c-0792-4aac-ad37-2c95ce7bb416,sandra_bullock
863c7512-24db-49d0-8a3b-cb7600963310,denzel_washington
c27bbe82-88dd-4006-a0ba-8af55c3f3a5c,johnny_depp
c4fec8ef-36f4-4dc5-bca6-7cc86be48b80,hugh_jackman
ae32be34-3f74-4cdf-8dc7-025c741f2d66,hugh_jackman
9de1a8b0-c4c3-4a5c-9eed-0e9ce89e9b7a,kate_winslet
998e970e-dcb7-4193-9ed6-a9e4b3f65589,leonardo_dicaprio
44adbba7-c2cc-402d-bf6d-3d100a40e7b7,tom_cruise
ef116eb2-917e-4cc5-932e-d2f67f7037b2,nicole_kidman
144bb897-2eee-470f-ae8c-566945f74acb,sandra_bullock
860815e7-d18d-44e9-bde2-62f401cf7102,kate_winslet
08a7c5a5-1986-4060-9ce1-660bed7b4e7f,will_smith
b89190ea-de8b-47f5-8611-15a44f127a73,kate_winslet
1a751415-c4c2-4fde-8421-9ab5a036c22d,brad_pitt
fd4de43b-18bb-4e7d-8873-368e68362d6d,johnny_depp
fe3e1a96-0780-4ee0-8c5f-cd180d52dd94,nicole_kidman
b1b21735-82cc-4889-ac4e-1adf0e4cd5b8,denzel_washington
a02c11c0-f688-40db-a964-2d1d9c2d9e09,jennifer_lawrence
b5af3248-ec14-45fb-96dd-a30ea11f2413,angelina_jolie
cc6e6d3e-2236-4325-b864-0c1ccc07d03e,megan_fox
2ab6a5b5-3cbc-4b73-ba85-ce590e34d5f2,natalie_portman
fb76bffe-223e-4bb4-9592-8e2115beabcd,megan_fox
10a267ca-3925-4f0c-ad4d-06c7f426489a,johnny_depp
322475f2-6ee6-470f-a1f3-482b8f12344d,angelina_jolie
62393b33-b4d0-4fa8-9c1f-aa0db5f57915,megan_fox
07268ba4-ff98-4d23-9777-d7f1640e2673,tom_cruise
1d1b485a-3e97-476c-89a6-940066b9541a,angelina_jolie
f96e85e1-8a9e-4ad0-8af8-6827b5999826,jennifer_lawrence
067644d3-2aae-4d19-9e9b-6c43cbcba8e1,angelina_jolie
bb122a0c-ed1c-4c1a-b5dd-ee385826d432,brad_pitt
ee269924-0822-4604-a7aa-7228d39a4ef8,robert_downey_jr
2cbae5da-f0d1-4da5-aab8-c8a4121f824a,jennifer_lawrence
a0980621-cdf6-408a-9706-e1d6f33679cf,leonardo_dicaprio
0c94c3e6-c645-4ee3-9df1-aa7094edc3ce,kate_winslet
9e4278ca-4064-43b3-b821-4fd90a6d8297,hugh_jackman
2e1dee8a-d082-4d25-bd7b-ae58622108c6,leonardo_dicaprio
3c94c059-db00-4fa9-ae9f-2b36679dbfba,jennifer_lawrence
6de36103-e016-4d0f-9e59-124bfae2694f,leonardo_dicaprio
34260f08-8bde-4f63-8c6d-daed76021f63,will_smith
279e3e47-c4da-4dc8-98ac-3223bb34c48f,johnny_depp
c51a37af-5990-4a5e-bba1-418c84dce2c9,nicole_kidman
5307ffeb-733e-4b82-9c68-0fbe57d1ec03,natalie_portman
ae9d955d-1b2d-42e6-aa87-8f50ea608ab2,natalie_portman
56c5ab69-a302-4669-8093-0d9a217a1d1d,nicole_kidman
8c8d0bba-36d8-4f35-a844-a8386a31b8d7,will_smith
b9bfbc94-4ef9-4657-8b50-404ac9e466c8,kate_winslet
83a36d0e-8052-4ec3-8f37-676d52472cdc,tom_cruise
7dce77b7-feb3-44ea-89b1-d29c4dfb88d4,nicole_kidman
9019c9d9-c9b7-48c8-a848-f0c5103e98ef,angelina_jolie
a1b0e26f-a816-4e0b-9d0e-3adfbdfb099c,johnny_depp
12c69515-f1fe-4435-bce3-9dc3d5618b51,natalie_portman
c7560dc0-c25e-4f92-ae13-83b566fe3829,johnny_depp
6c3da1c6-7f0a-4920-91fc-efe72c24ef63,leonardo_dicaprio
7ed06be1-7a8e-459e-a445-5d8d0d17ecf8,robert_downey_jr
0e5e8220-5e62-437a-93e9-3be7974e1c37,leonardo_dicaprio
adff40f7-c690-40d3-a813-9b35af06aec6,megan_fox
a68ca0a4-2844-48a9-a4ff-cc0775dd62df,leonardo_dicaprio
926faad4-a9a1-490e-928d-326eb65dcb3a,nicole_kidman
80e9fb4a-e352-4819-8664-f8d058bf48f8,tom_cruise
d51c2524-ae64-4d91-9433-fd1ce6415ea1,jennifer_lawrence
4265b312-8217-4830-b694-e12f1c1f4f8c,nicole_kidman
67ca2031-8989-45a5-bceb-fa1640f5e4b6,jennifer_lawrence
f479d241-8bd8-4c52-8372-c49c9c8846ca,sandra_bullock
7e70b60d-1957-4684-987e-dabf08ae1be0,angelina_jolie
e89bb7b2-3cdb-471b-9f6a-1d16df504da2,angelina_jolie
e523eaf1-213e-40fc-82c6-2b3675e0fb48,tom_cruise
0b5c4843-c107-4c6b-97d4-da901c741989,scarlett_johansson
3cab0cae-cd02-421c-8ea5-522ba5633617,nicole_kidman
601448f6-f9b5-46ae-8610-aa6d95895785,will_smith
c6e308b9-56ec-4a7e-b71e-fc18c6bb8aea,sandra_bullock
93e9c75d-270c-461f-8c9b-58acbcace663,jennifer_lawrence
4486a738-7581-4985-ad67-235533d91312,johnny_depp
135be934-2056-4e45-b9ae-f44c3f6bedfe,hugh_jackman
4693ebd3-0343-42d5-8538-d19de146cf5e,will_smith
c67dd12a-d426-4091-8469-a9c3dab5ad14,tom_hanks
d96c4894-3004-4785-bc17-4f61ccb4c2bc,johnny_depp
f096de42-cab6-40e7-9056-33eb6b97e87e,will_smith
7a8931d8-6278-4499-8c52-3fd3eca7accf,natalie_portman
8c13c28c-1a30-47e0-9f55-65cec7b376ab,scarlett_johansson
e4011ddc-071a-476c-a6f1-aedb6e4eb805,johnny_depp
5c845721-370c-45c4-8c13-16ec9b79a194,hugh_jackman
fffc9846-2f37-4938-bcb6-05cc427e58ba,scarlett_johansson
882c32c9-b1fd-4e4d-8072-adeda37ecb3e,hugh_jackman
dc587fe8-5e3b-4a01-a6a1-430562dc32d2,robert_downey_jr
a3fac952-46ce-4da1-b141-62088f1ea7c9,megan_fox
31ab706b-69f2-4526-9002-8d0b5964295f,johnny_depp
ae77aa01-bc3a-4e87-b760-0121a1d43db3,natalie_portman
ffc7734c-1903-42a5-8283-1e0360d7d3fd,brad_pitt
ff4f6579-5cc9-4383-9c1b-a0eb6d456b8a,denzel_washington
fffa51bc-6d92-4417-bf8c-98ace62d5323,denzel_washington
e92a4b91-7955-4594-8040-a17351270d41,sandra_bullock
d6e9cd44-5ba0-4084-b8af-e7afbd0079bd,nicole_kidman
ab19c63d-87b5-4a5a-81b8-4a3e4a0720a6,johnny_depp
40740860-8066-45f4-acc5-8143e74e3726,kate_winslet
c3a7787c-1b6d-4300-9535-48fc872097d1,robert_downey_jr
b23704cf-5af0-4b19-808a-d7527a2b96dd,jennifer_lawrence
9b736574-ab88-4c18-87c6-6900d76c23f3,tom_hanks
77b31c0b-349c-45f5-b469-c11288e59da4,leonardo_dicaprio
8c09ce43-0785-4c0b-8a16-92699bbdf4d0,denzel_washington
6bab40db-d308-44cb-8db8-e7d7028d0029,hugh_jackman
0130fb48-63c5-4a1f-8bbb-823863d953e1,hugh_jackman
fe3bf6db-7ce9-427e-a8ee-bd1e2de99fbe,johnny_depp
6465d806-521f-47e6-8acc-c69fa7ddd510,johnny_depp
e1f2aa46-05c9-45d3-a992-7ba79db5bbee,robert_downey_jr
612949c0-8027-4ddb-b9ea-8c3637c3e4f9,robert_downey_jr
2daa860f-e3d3-4d4b-9e48-33e1d3470a3a,jennifer_lawrence
1d173cf2-8e9b-4375-97f8-41d06b63889b,megan_fox
f83e5eaa-813e-4f14-9112-81d78a9f5a0f,tom_hanks
550e333d-84a8-4e75-8c8e-1df02dadc882,jennifer_lawrence
a4b4a06e-38f3-4bd8-9e98-00724340313e,tom_cruise
83b5031b-88e6-4e04-9ee4-0b32bfabd9e9,brad_pitt
2eed51ea-ec9e-4b73-a159-d78d8b8b4d0a,nicole_kidman
17cdd063-bcdb-46e0-ac6a-4c05c32310ad,robert_downey_jr
b1533d36-9039-428c-82d1-d00b46454055,brad_pitt
dd40466e-f6d9-4926-8928-de165388f87b,angelina_jolie
724ef640-e8ef-4980-a730-94ab76d69e1f,natalie_portman
6451a61a-0b41-41eb-9610-dc60b290be29,angelina_jolie
f2ba0b1c-77c6-48b4-a7e2-ff0c23722806,johnny_depp
14f8b4a0-c30c-473b-921d-7465c9c60378,robert_downey_jr
e457301d-a442-4bca-9ed6-f79c2c9a2d83,sandra_bullock
f58c5203-1923-41ca-ab46-9ccb4ce7a73c,kate_winslet
beb8167d-57d4-41d4-b080-abcc382f873c,denzel_washington
a1f407f4-f797-4be5-9445-d7c1bc39c817,denzel_washington
78b46801-c393-4594-8f22-caf698e04720,will_smith
ebc1c8dd-6d2a-49d2-ad00-f370b88f9abe,tom_hanks
0be3244b-9fe6-4651-9591-6f79227b2a7e,nicole_kidman
5ec33535-a5e8-4a5a-be51-32d144606ebf,denzel_washington
5aae533e-4479-481d-810b-55b1bedf5d1a,tom_hanks
bbdcce54-2694-4fdd-ba4e-a2190fbab81e,megan_fox
a8c43fc8-edbf-4e16-9ae9-1d816f1cf6d0,natalie_portman
1fd48caa-0946-4bf0-b6e1-195bb9479130,denzel_washington
5e21c9ef-dcce-409f-b38e-c796354cdde2,nicole_kidman
e421748e-2efb-4418-bc42-d2ab6224ff40,nicole_kidman
22d869fc-1bcd-4926-85c5-6282809686ee,hugh_jackman
d93e171d-069d-4a65-b29a-65787dd0d7d9,megan_fox
e3fcf8d0-e857-41bc-b1ea-296db0fd83a1,will_smith
a1b197d9-5571-4512-9981-61037679439a,natalie_portman
bf77fe49-bfc3-4de6-b69d-a47492805398,scarlett_johansson
438d46f9-22c9-4175-a1f7-6a20ed5ab535,kate_winslet
6f18b158-1633-4fc6-8471-82e90ca409eb,kate_winslet
6c6eb95b-c919-425e-a6dc-054f5c63995b,will_smith
9b49df67-c222-4e12-85e8-1b83bd21f390,robert_downey_jr
def86137-c9fa-4b70-9a1e-9b1a891a5b6e,brad_pitt
2c5478ca-9d0a-4312-b85f-4f65b2934d08,jennifer_lawrence
b123bbbf-05d4-48be-b2cf-7ce7a0062808,will_smith
137db1da-d405-4bd1-9b2f-e1c10d00d7c6,brad_pitt
6ceca29d-31e7-4e68-90f9-ae2f4c26b801,angelina_jolie
db153e4e-c51f-41a1-ba99-ce7a02f1a285,tom_cruise
6855f9c3-3d66-4c85-92f1-ba84947cbdc3,leonardo_dicaprio
141f36a6-613e-4fc0-8503-af02309bfc82,jennifer_lawrence
8a940eb6-362a-491a-923e-62fead6867e1,scarlett_johansson
563cd7a1-25a3-409f-8b3a-d804d3bc664b,megan_fox
8784cfcd-5ecf-4319-bb07-80c9d93114f5,scarlett_johansson
36a6290a-5ed4-4754-9965-74d8ff4921df,scarlett_johansson
09ede1c0-966b-436e-8c8a-6684d41ced2b,robert_downey_jr
67f4d00d-bf82-41af-87bb-4981f0b3525f,scarlett_johansson
85afdff8-cfbc-48e1-8a10-ff8850ab9670,scarlett_johansson
a785a40b-956d-4512-8c79-2c793cb6b7b2,megan_fox
cc39eca5-98c2-495b-ab97-96f35dc5b0ff,nicole_kidman
a2eb61ab-1acc-4fcc-aff9-40703b858755,tom_cruise
2662f501-83fe-44b4-a0d6-2c7de7bdccdb,tom_hanks
8fc9aa32-4500-464b-8e74-77b191cd6ac1,robert_downey_jr
f90513d8-1232-4e65-a20b-955d3bf8777b,tom_hanks
43222f9e-28ae-456a-8679-bb4e4c7a3779,will_smith
03a9f66b-39a1-4810-af54-8be2d5b13f94,jennifer_lawrence
62a13623-e8dd-4099-90d1-17798c2613fa,megan_fox
d51e6754-39da-412d-9893-113719133028,sandra_bullock
4889e274-d185-4f13-8add-70b16a49a35b,hugh_jackman
73f9fe2d-1817-4daf-9a09-093457f85cca,sandra_bullock
d375fe34-2b27-4385-9216-e873a39426ad,will_smith
908c2f6d-898a-49ef-96d6-86a4fffb4c12,denzel_washington
6ac920d8-6933-4285-aa4d-4a3accfa18b3,nicole_kidman
8e1f727e-32b0-4789-b851-0c6c6becb67e,natalie_portman
fef66d98-37f7-48ad-9ee0-a645c2ef2dba,brad_pitt
3cb03a39-f253-4083-97d8-d45b67cb4799,tom_cruise
b4870dba-b07f-4ae4-b7e7-363a832d1cb4,brad_pitt
21e80e86-088c-405f-a852-0528a304912b,hugh_jackman
b8bcec4b-df36-42d7-91e0-9cf01acbc143,denzel_washington
f509f1cd-4f7e-488c-b136-6d1251fca7f9,tom_cruise
9662d0a4-46df-4228-95f1-61e22fc55db5,jennifer_lawrence
7999aeb2-1acd-4bd2-bc50-fdf22dd32df4,tom_cruise
d0aa355a-22ed-4644-8262-3f27562e0e26,tom_hanks
9cce0920-b1b2-4635-96ff-5246bfa13eeb,leonardo_dicaprio
7e81443d-1613-40ea-b257-ee3bb3946515,scarlett_johansson
cb081996-712f-4961-9010-53e34a12f0a6,hugh_jackman
48743840-9f07-4a33-9d6a-bdfcd9ca2882,sandra_bullock
f444edf6-734c-45ae-8838-dae4ee6021d0,tom_hanks
db8fb87d-a2b3-4b1d-8f05-d26af090490c,leonardo_dicaprio
6a6a695d-6428-4101-95cf-30fb8fffa1e5,tom_hanks
22dddaa3-f912-49c3-a038-e0fb39738eff,sandra_bullock
f34a8960-aa5f-4394-bf67-d58d22f1978f,denzel_washington
606f26a3-807f-4ebb-806b-85ce58669c62,hugh_jackman
0b47dd0a-41c6-4d51-8da6-7977b743821f,angelina_jolie
684d4f28-043b-4f9f-a4cf-fd4b0834a884,hugh_jackman
b554231d-1dd7-4a28-8177-e69e34c07dea,johnny_depp
05cbcaed-4698-46d7-b3fe-a154f68c8646,scarlett_johansson
2e9dc182-96a4-49b9-a688-b0d6ec1d336a,scarlett_johansson
1be60ef9-81d5-4316-ae05-6d0d13f1ed18,will_smith
a2896f4f-6f17-4f60-8318-5b0f89569c34,denzel_washington
268db94e-28f9-4096-b925-b644cd9320d8,hugh_jackman
3a086c87-ebf1-4b10-8031-209515087c3a,will_smith
eb15d23b-ec04-49c5-bb43-a898d5fd0591,brad_pitt
382ef106-a965-4a3a-8ace-efeacfe9867f,tom_cruise
a948ca1b-294b-4522-aecf-d95ffe812345,brad_pitt
7cbc6f77-03b8-4109-ab3a-bc96a1b7ab69,denzel_washington
48810fa0-c16e-4e4e-ac02-691213553d80,nicole_kidman
abcd7614-060d-4cc4-af02-4c9359720421,hugh_jackman
eb12cc0c-e18e-46b0-af7a-d7f885d6fc4b,johnny_depp
bef902a5-c37e-4d17-9f38-1d0a2cddab07,nicole_kidman
9d1e0647-41b2-4c4c-83ab-7e5306fe3841,angelina_jolie
3fb1087d-5633-47a3-99ba-ddb432798373,robert_downey_jr
b374980f-9fbf-4e91-a0fe-fb2d81b912cc,sandra_bullock
678cafeb-1c59-4841-b68d-8cadd8258c59,robert_downey_jr
7fa62e7c-4e4c-4d7e-b7ae-bb62525b6085,robert_downey_jr
688aa794-dc55-4022-af21-0fb934978695,robert_downey_jr
c9f9bdce-e9de-4b84-bc89-33657a282463,jennifer_lawrence
88dbb324-79ba-45d3-8984-ff8432ebad17,tom_cruise
563bc6ef-d865-4e43-bbfa-663c8458bd42,hugh_jackman
7c299950-5704-4d31-ab22-fe0a7ead2025,leonardo_dicaprio
91f13bda-b5ea-4c76-a3a3-102fbd90c1b5,angelina_jolie
06640d7c-bfe6-4bba-9477-433cd487703a,megan_fox
88d39006-cc65-4c9d-af18-f94312028643,leonardo_dicaprio
a071d564-8856-4542-87d6-aa62a3c6aad1,will_smith
dfa0f3bf-e7a5-4e6b-abc5-86eb2e946a8e,johnny_depp
11d116e5-2f3b-4eb4-ac53-853fb8050352,sandra_bullock
3b7c1f38-e281-4f6d-ab35-acc24a6884cc,brad_pitt
5b314a50-e964-4b1a-88c8-888159dc232a,tom_hanks
88a596f6-5a50-4e40-b75e-1d6063eccc29,tom_hanks
a2be11d7-7542-4a8c-8416-81e94d53d697,johnny_depp
91b10eb1-2ef0-46be-975d-06ae6c4ecb81,denzel_washington
fcdcdd1f-0bb6-4957-8499-1d0b37c34836,will_smith
ebf1443e-bdf7-4a32-9494-13fd78a4d50d,angelina_jolie
dbd37d8d-35ef-43bd-902e-b26f3dbfbb8d,leonardo_dicaprio
e96e0431-e9a4-4dcc-a957-ca1254b67259,brad_pitt
08c6f407-4760-4e1a-9711-167e6b84c33c,tom_cruise
f4958c5f-7e4d-48b5-b76b-574f98e67eaf,nicole_kidman
c00f4610-bee3-4717-ab5a-f8b65dc1b41a,tom_cruise
27541150-d6c3-4875-abd8-e0a429c6e651,jennifer_lawrence
3e8ff9f0-5ea6-40b2-b346-92b43217cca7,kate_winslet
f6bbdf01-8efb-4d54-a45d-a16bc15a8bd0,robert_downey_jr
57e46778-9fb3-4e33-9bcd-4a66d545e261,megan_fox
936c1874-f5b2-4621-af93-d41193215821,tom_hanks
48b5cda6-df38-4945-926a-1e6ecbf60ff5,tom_cruise
d05fa4bf-c270-4fd2-9a03-f6e237a404f8,sandra_bullock
75635187-b0a7-48b7-b2b9-b4572cd95719,will_smith
25240681-dc90-468b-814b-6519a5846296,johnny_depp
f1e053db-54b3-4a5a-b910-15a680787e16,scarlett_johansson
83c4f31b-1552-49b8-abb4-756ff495f2c8,natalie_portman
6fff05cf-bac0-4745-8383-5f17f3f3b622,leonardo_dicaprio
d61f94d3-9e81-4171-888a-7536a6092797,hugh_jackman
7afd6413-ae34-4b43-bf73-1c4fc3605f55,robert_downey_jr
84a7e7a7-aefc-4f75-81fc-39a6d796c7f3,tom_cruise
a2cddc16-739c-4203-88f3-dd76ea4b790b,hugh_jackman
7594863a-1306-402d-826c-c05be05538c8,jennifer_lawrence
463e7892-a040-423e-a44e-ec1ab428ddf0,johnny_depp
98732db7-fd52-411f-94f7-339ed8e256a6,scarlett_johansson
407c9655-4494-43cc-a2a6-e0f2dadc43f4,tom_cruise
02664fae-e02b-4f0b-a0b5-2fe3d0ff8c87,angelina_jolie
ec161280-dd7f-411c-a8a2-4e9368deeee4,hugh_jackman
c72644d3-6341-46fe-a2e5-414262df1772,natalie_portman
df892c94-fa15-4f1d-9ea1-64abb6a48f98,nicole_kidman
4d6baf64-f5d6-41a6-8410-c45e92b1a505,kate_winslet
866f57d7-d0ce-455d-862c-fa49db21ea3d,tom_cruise
7b9f743f-a529-4eeb-b610-10d583f0db43,leonardo_dicaprio
d60dfcc6-ed0b-4af6-b1f9-ae1d7c23ec48,megan_fox
5780b591-06a5-443f-bb9d-180c05abc533,johnny_depp
fd9297ac-f202-486b-a21d-6b017330dcb0,angelina_jolie
b7855e22-c10b-4ba2-99a0-4573d4bd0651,scarlett_johansson
86d82122-2026-4411-aa2d-9708af808fd5,natalie_portman
769e442f-2557-4cef-bbfe-870d9ab2ee40,angelina_jolie
0671da44-bac1-473e-b79a-8fd804fb6fc4,johnny_depp
352ee389-bca5-4aef-9eff-f2d058456327,johnny_depp
8bd346d3-ead7-4bcd-ba39-b995af30e889,hugh_jackman
c1efef9c-600b-4931-a140-cdc99f5e51d9,megan_fox
64fb6b18-2cdc-4196-8a76-cc49b5d8b876,hugh_jackman
44f04829-12d5-4533-9558-fb7cb0e57696,robert_downey_jr
e154251c-a1ac-4889-b113-275e8109cec2,scarlett_johansson
80adcebc-7aa9-418f-bac6-9fd5f363cf21,will_smith
df8e5a3f-8f90-4bdb-8198-2e01cfe231d9,angelina_jolie
aa4aa258-f10d-4a58-8cfa-ca4cb3a2033f,megan_fox
ac6ed2d4-f8a9-45be-b599-5d278c389203,nicole_kidman
0b218922-e844-4d80-94d7-4b629b188859,hugh_jackman
f19f52ab-a269-4a6a-b395-24872033dfb0,denzel_washington
2031a35d-a9b4-4ae8-b0e6-47f87bd78a87,megan_fox
8478581a-4003-4ea0-8a08-3adef40c4dc6,scarlett_johansson
b8da7c25-f531-4e35-81ab-15f24e240e60,jennifer_lawrence
6c63516d-5d93-4d7d-8176-7f1a1bfd50fa,denzel_washington
90dc0698-f15b-475b-9481-cd42c33d76ea,will_smith
eb42a904-2ce1-41ce-8ca8-0fb447c87868,leonardo_dicaprio
d843ce31-37aa-438f-9890-1ee6c9f282b0,natalie_portman
8cd40626-cfa6-45b0-bf5b-0a6b973ce1c1,angelina_jolie
2fd25e4c-8954-4843-b40b-7afa24377e12,will_smith
a80bdae7-302f-43ab-9ce8-c07c375e7834,leonardo_dicaprio
0a93338d-1718-4674-b11a-acd35298686b,leonardo_dicaprio
f31e02cf-6159-498d-98d2-ad17a3bf5b51,nicole_kidman
51a4a3a0-c6b8-4722-9e7c-23e684eeaa3b,brad_pitt
84f27fd5-4a04-4f10-a281-edefd0a80201,denzel_washington
f483e436-9212-4545-9516-1194b4e9a92d,denzel_washington
cd92dcae-e070-49cc-87cc-32e241ba6f62,sandra_bullock
821741d2-d348-466c-8698-f9fe02b53870,johnny_depp
1315e91e-21c0-4317-bd4f-996c2e3737a0,hugh_jackman
f1a5ee7a-554a-49ff-896c-c776be05f474,denzel_washington
d0d09b28-017d-4123-bafe-d7e4c0b0de59,sandra_bullock
32df68ee-4219-498f-a8b5-2cf136afbcb7,denzel_washington
98c70331-c2f8-4819-b660-79ad221543ec,jennifer_lawrence
f2ba4fc3-5f59-46f4-810c-1158837ab905,brad_pitt
cf5f0d81-c10b-4dfc-8f4f-2cc3136ea294,natalie_portman
853c4a7a-14f4-4726-a8db-1ab6f8f54381,megan_fox
07ce2d96-e955-48fd-ac15-e506a6976464,nicole_kidman
f0c86c0a-b8ca-4964-a151-879853936943,scarlett_johansson
a0e4dbd7-f716-4846-b47d-6adc09ad3a4e,will_smith
afcd42b1-e9e0-483c-abc9-60d2cad6dff9,brad_pitt
767b9dab-7d3e-477e-9ee2-b920f33f9c03,angelina_jolie
e956a5c3-52c0-4afc-874b-ec066236ee9c,leonardo_dicaprio
7d1f66a7-cb89-4b01-83c7-7896afb18cb9,will_smith
6c2661f1-1b84-4625-ab81-f2c80b3d5f20,kate_winslet
d3089a3e-800c-48f5-bf09-74ec784cc5ed,nicole_kidman
a718396f-6720-4bab-b9dc-a27573f8ca9d,scarlett_johansson
1f753de1-d8dc-4504-8372-b255bc8b3b76,megan_fox
4a75a89f-3bc8-4d4a-9786-a80e417e28f5,tom_hanks
64e2a58a-65c5-4400-9231-1a288db5d753,angelina_jolie
c709b636-91d6-4d88-890d-25dd716b40b9,leonardo_dicaprio
88eb8dd2-3c40-406e-ba1a-f240a299813e,angelina_jolie
7930b16b-2d39-433f-a4b9-42ddf7281350,angelina_jolie
18465585-0cfb-4e8f-b52e-7f971abb6149,hugh_jackman
b4d76235-2799-48af-bc9d-0137b9d03d2c,natalie_portman
36b2e773-b4b1-4c6c-b6aa-1306aa10b160,megan_fox
af4144b0-9c18-4f2c-8e45-bc01bf6fd884,natalie_portman
3f5890ce-9888-445b-a6ad-aaabd78d81e9,robert_downey_jr
87086026-8952-4bae-ac2d-c58de883d196,leonardo_dicaprio
c985e39b-d463-4d80-a87f-0ab9898d9cad,sandra_bullock
f6ee38fa-1c85-4955-b4eb-9ba4013a2f2f,scarlett_johansson
6091def6-d778-4bf5-82ed-0ab5b203ce9e,megan_fox
5af2ce9c-f507-4703-a8b1-3c52f48f4cf5,tom_hanks
399e29d8-c512-4f26-861e-feb643e05829,tom_hanks
22ce0fbb-990b-4abd-a08e-9073c6850369,natalie_portman
0bd9e806-4395-4723-a55d-d218880f5b0a,kate_winslet
8e0b0705-c70c-4eaf-9eb3-58d3d54fc0b5,megan_fox
6da085d0-bba4-4301-be4a-1acc87dd48bf,scarlett_johansson
f443e2ba-47be-4678-8d1a-0922d9a713e5,jennifer_lawrence
4083ff61-f4bd-4028-a751-239a0033393b,will_smith
ca98880d-b748-493c-80d8-f55567ad4348,kate_winslet
544ea805-06a2-476a-b0d9-8ba3c28d568d,jennifer_lawrence
f67bc9a4-8145-4e3c-9d6c-7ac05eb23f62,tom_cruise
69559dab-63a1-4afb-86fe-072509d464b3,tom_hanks
cce9d34b-6296-43f6-af5b-a1b32a01232b,will_smith
688c2cea-19da-4d7a-b48f-4b2308559904,tom_cruise
93aec779-13c3-4f7d-b46a-e4cb88027452,angelina_jolie
5482e6fe-c3b9-48fc-987a-78e737727fe3,jennifer_lawrence
e58f51f7-4861-4053-96be-e2f7b9488abb,megan_fox
435dbafc-b31c-40e0-9f35-3785ab242053,scarlett_johansson
b83f0c60-3737-4105-a355-8004007fdb11,natalie_portman
d40f59b9-589f-41ec-a9f0-b71c87aecf9b,denzel_washington
130b783b-3305-48d2-94ab-7ea923b551e4,jennifer_lawrence
ded35058-57fe-48d4-a8f1-bca74ecbfb17,kate_winslet
4aceae0f-2aeb-4654-a0c0-9e2bb7a652d0,brad_pitt
354eb05a-9ae8-49e8-95a4-c75cd6e68d59,johnny_depp
8d2ffd4f-8da9-44a0-8e7c-6a0f59a802fe,sandra_bullock
5ed396e8-0e5e-4f07-9b1d-af8f431aa5b1,natalie_portman
d54ebcfd-72ee-43e8-9c93-b06b3a133db2,hugh_jackman
b4e3c2f7-0ecc-4071-a811-88374d94be3c,brad_pitt
1a62f2be-97fd-4201-9776-c1b91c41b6ca,kate_winslet
acf929f6-9a72-4ced-b3d9-b1ed61d6ec7f,brad_pitt
9a760499-6cc7-4949-ae7b-f8b6905dcd10,angelina_jolie
f71356d6-4fc1-4de4-a0e1-7d9e0d0bd5c3,angelina_jolie
5b0588f6-4777-4003-9bc5-714b48a1e983,leonardo_dicaprio
f9d3e65e-d0cc-4d92-969e-4d659283a54c,scarlett_johansson
ad7d1548-0841-4918-8d74-8857f9d03f14,leonardo_dicaprio
689b89a4-32c0-40e7-8177-ea3cdc3945bf,megan_fox
c62bf40b-34b2-453b-a9e6-fd0ff62c2433,scarlett_johansson
e58db445-ff3c-4f56-9245-5260898a6daa,brad_pitt
86195609-965a-430c-8d91-f84b43e84274,kate_winslet
065e0936-4588-44e3-a1eb-25e65aae0a64,hugh_jackman
e9092a1b-82e0-4dcf-bda0-6933ba7cee57,tom_cruise
8a355dfd-a28f-43ae-98fa-d3c8467b7f65,scarlett_johansson
d7dc013f-f8c1-4b05-95d5-facd9414d355,tom_cruise
37d092fe-f492-4231-bf66-787394c211a0,megan_fox
cd43cf2c-88f6-44ea-acbe-6bde3471e069,nicole_kidman
53f47ac3-9d68-4013-a6fa-c214fd864c30,will_smith
47a9eaa0-67d3-40bc-965f-9fb885a3c8f6,angelina_jolie
05498233-269a-40fd-a56f-421a4001c3fa,megan_fox
21baf1b1-bf29-4c09-8683-fddfd7f4e079,will_smith
7e1f2fc7-8f63-4bfa-ad25-1b0a93d018e5,scarlett_johansson
1f85167d-4c04-4ea0-a829-7be442a61803,johnny_depp
1c16323e-ea51-4aa9-82d6-070b77298530,natalie_portman
640eb20c-0f2b-4ad0-b1dd-a9b34258b710,denzel_washington
6618c381-157a-42af-a42c-44ad6c1d69a1,johnny_depp
331a7bc2-fd53-4d69-b765-3b8c6ccd12e9,tom_cruise
d6e1d59b-a4d6-493e-866d-7bb7e2f7eabd,scarlett_johansson
e5356511-7e66-4aba-ae30-111d8df96cf7,angelina_jolie
4ccdeb93-5689-406b-b9a0-eafceb224f41,sandra_bullock
02876d7c-71d0-4b06-a7c1-9775c52b3613,natalie_portman
ea57470b-75da-4595-b640-9289c347bb79,nicole_kidman
4a5d552e-84bb-46f6-b2a6-ead7ceaf32a3,tom_cruise
bec14668-3817-4f08-848c-273d29f06960,tom_hanks
43c3a0b7-3503-490f-9b9e-5648ed9bf44f,will_smith
63fb0297-43b3-446b-96fd-50944f944aed,leonardo_dicaprio
b04c4ca4-d89f-43fd-9d9e-db5fcc2a9ad5,megan_fox
dc2f672c-2ac5-40a0-9fff-3cab16802a3a,robert_downey_jr
2a87b4f1-58d2-4db7-9681-17d2a8fd49a8,kate_winslet
84532db4-fcac-48b8-8d0d-a0a8695c4268,tom_cruise
dbaf6398-a107-4773-bd6e-dcd4240a5eb7,tom_cruise
9c539457-6a3b-4851-8a19-44c9e2b712e5,angelina_jolie
be7a9658-04b3-411a-9d5a-aa3d26ed3800,scarlett_johansson
fa3ad1a2-0762-4ef0-bcf0-02c0b64d6408,johnny_depp
d7cb414f-22c7-4181-9f9d-061d28f318ae,hugh_jackman
bce1e03a-5bcd-4716-855e-c220448b844d,sandra_bullock
07236e6a-5124-46af-abef-b28a9a58e4b9,natalie_portman
3173e119-69fc-42f6-a452-6f521befb24c,tom_hanks
dc007d20-19d6-4bf6-ad68-dd1d0076013c,megan_fox
5bcc6f32-136c-4c6c-9883-bc0cb1dd70ec,hugh_jackman
0e64a04f-b2a9-49f3-900e-7ba02a1eaf2b,tom_hanks
650e7cd0-3582-4ae8-ac33-555569e05a85,nicole_kidman
a4f6b30d-f1a9-4a12-a73c-b261ff73d625,natalie_portman
2fc2b2c0-4e0c-432b-9856-c7245baadf2d,jennifer_lawrence
b6bbc224-9b2e-44b2-8bc8-ee92be50b0e2,sandra_bullock
3330cc19-4bcc-441c-aa8c-88e41ecc18f3,natalie_portman
e0d333dc-a574-4518-a1d0-2b1af3c90496,jennifer_lawrence
77e307b2-278c-4472-be6a-2c521c775fed,tom_cruise
6da51ff3-c9f4-464b-a3ad-6a2f39e199ed,hugh_jackman
4e8976a1-3640-492d-9c0f-edf4a56135ee,denzel_washington
a558ab84-abed-4146-8ffe-19f2aa763c1a,angelina_jolie
eca48079-c75f-4798-9f8e-255ef67128dd,robert_downey_jr
66c36028-6ce5-4270-991a-5588c60383fc,tom_hanks
837dba0d-babe-44be-a15c-11325c92eac3,kate_winslet
261dbb77-dc87-4d98-955e-08f20528ef6f,denzel_washington
2f2ec43b-5b43-4b79-8f40-8199895f24ed,robert_downey_jr
29f4cb51-5fb4-4e85-8ad3-8d4ab5fbaeae,robert_downey_jr
23dd4c87-5ffa-4c7e-9ca4-726dc1707df6,denzel_washington
cc93cc4c-baa6-406d-9dff-f96280d9ed77,tom_hanks
a0866294-e243-49be-9121-9bd87b4fd262,leonardo_dicaprio
e315cd84-cc04-45f3-be7c-2fd20fae40df,jennifer_lawrence
e4978bcf-edc1-45b2-9108-048b85ae41a7,nicole_kidman
7a69faaf-6948-4f1b-8bda-bc8de7b33204,brad_pitt
85dab3fe-8721-4c2c-9412-2db13553e489,robert_downey_jr
5341c7d2-4042-4158-b269-5583461b8cca,brad_pitt
1b745ad7-5d58-44ec-b3d1-268ec90617ef,scarlett_johansson
d9b4cfc0-c89f-4551-89c9-19c7a6f242fb,tom_hanks
f5371ed4-0b2a-4d13-b6fb-e2dea05271e5,leonardo_dicaprio
5250cbf1-2b18-4c7a-aaa3-25c3118a5084,scarlett_johansson
062087b4-ef29-4f54-8c68-044aff73190c,brad_pitt
15f5a947-3a96-4b6f-9766-83d09210e68a,natalie_portman
fa58add5-1fce-40f4-b6ff-48af17265d03,tom_hanks
eaba0a1a-f6bf-4844-9fab-31227a3dce15,angelina_jolie
ae078526-cca8-48f2-ab9b-ebb0da9ac68d,sandra_bullock
f1f042b0-ab14-4a6c-98e6-69032213e5e2,kate_winslet
db11a7bf-ddc8-4526-9536-566dd08caa89,tom_hanks
d9400a71-a62f-4759-9229-ce96bd0a0b7f,angelina_jolie
25424e61-535c-4a88-905c-0e5f3c9448c4,brad_pitt
3622e2c0-dceb-48ce-9f98-e5c5ab7d99a9,jennifer_lawrence
17cb627b-c672-4636-ae5a-af5444a6272a,tom_hanks
53901490-0aab-404d-beb7-f1a521d0dcec,robert_downey_jr
1904a3bd-042f-422f-a9de-7590b7f921e6,tom_hanks
8725a4a1-6274-46dc-b28d-56e1f7caddde,sandra_bullock
bcb9f864-beac-4b9a-a0c5-fe1d789143c1,johnny_depp
96c5be5d-1b0c-4b76-bfde-b9bc7cbc2776,kate_winslet
6854feb0-2d02-499e-ac11-2c13b1f2ecf5,jennifer_lawrence
3aab588a-1d6b-4bf6-aee5-68b841aa3908,megan_fox
691de7be-54e9-413e-9ff1-1fcc3ac9e011,jennifer_lawrence
bf357e7c-6bec-4e9a-b693-a8f1b4cf91ef,kate_winslet
1df1cd65-a10a-46c5-a023-05619ebc0c92,robert_downey_jr
bbc9f11b-f3e9-45dc-8a67-5dc83c908db7,hugh_jackman
4a712e58-6d37-45ec-9a7f-2d2bdc774f9d,denzel_washington
6683ab5e-2a73-4959-920d-026a96737e9c,jennifer_lawrence
7d1d778a-78bd-42b9-bb50-07bdd97a731a,denzel_washington
93ff0273-6ffe-43d9-98be-626a5cd0a264,denzel_washington
425230fc-ec9e-4a4c-807d-1eeb41458be3,johnny_depp
45aabcc8-0708-4eee-bd11-64dcdd55306d,johnny_depp
e9f05502-00c6-4dbf-9849-10fd5c32e7c1,brad_pitt
08db86c9-f601-4a48-82bb-1bfd869775d8,nicole_kidman
0bae68c8-9d93-40b2-bea7-4616d0e64c88,natalie_portman
85e67603-ad8c-4c25-a0bf-fa5f1e8d4e2e,hugh_jackman
abf65790-29bc-465f-b2bc-5ca8890ff700,denzel_washington
fd7b7cd0-2ea0-4888-9f27-8603c6fc8db6,denzel_washington
c9ceb56c-99ed-4845-b860-be7cc19b3d59,tom_hanks
def411d9-c692-488c-816a-80b0c6c9e9c6,jennifer_lawrence
2f759386-a1e0-4dad-a573-da41e77d409c,hugh_jackman
61c88e9d-8926-48a6-9ad2-28885a695d29,robert_downey_jr
efd04fce-0dc4-488e-8b6c-eb35657a3a8f,kate_winslet
f97bb770-7a11-4c08-b935-76300f90bf76,scarlett_johansson
2bfcb371-35e0-4812-85ce-7008883aa91c,will_smith
74ee8a31-6e39-4aad-9e97-45446fe21ee4,nicole_kidman
9c11c4fd-da2b-4d57-bf45-caf23d37ce9e,jennifer_lawrence
7ad289aa-3d9a-463e-ba5d-05813aa10f0b,robert_downey_jr
4de78ab2-4c56-4fad-9d26-4ae3b45bc3bd,megan_fox
f64fd178-cdd7-472c-979a-c18651bb5cf0,denzel_washington
af9ed5ff-16a6-4e04-b2ee-5197a51d8d8a,scarlett_johansson
1825b7ff-d34d-443f-85ad-66f7f3460c6d,tom_cruise
113e9023-63fa-48d0-b3b1-446dfb67461b,will_smith
d2101587-6f13-49fd-a28a-a9d193baba53,robert_downey_jr
34538d2b-c8ae-412f-8566-7f145ab74609,scarlett_johansson
1fafdc20-74f4-4956-9f52-e32ed72ce86d,robert_downey_jr
7e01755b-f80b-4607-b01d-64b805d4d1ec,angelina_jolie
6c646e6b-5e5f-4a09-9c31-52d22edaf921,kate_winslet
f1b3b8d9-e29b-4bec-a7f5-7fde81247f0d,sandra_bullock
46075812-da31-472d-aa79-4c2672452b85,brad_pitt
fea16082-c347-40c7-9043-0226011c089b,tom_hanks
5f1f46e0-efce-4ae5-8c20-fe6dcafeeb9f,megan_fox
1f8b4648-444e-4a6c-92da-50b8e42f3db2,tom_cruise
890f1f84-f60e-4826-ab78-5bab5b4e5a76,leonardo_dicaprio
9fc1d3ae-93ca-46d5-8c2c-4e66c53116c3,denzel_washington
ea40abb6-55dc-4ca2-8b05-7bfdc995801b,angelina_jolie
0a6373f0-41b4-4cf5-bde1-36a57adf1ef8,sandra_bullock
ac5cadfa-3c61-4658-a6be-58de503b7cfa,jennifer_lawrence
6af044b2-2f6e-4b68-9f8f-bfdac5f7e193,denzel_washington
d751772a-a95b-4bfa-9e06-e778dc0a05e4,tom_hanks
1b2794dc-5297-4a37-b7c3-f69054e6b543,tom_hanks
38da75a8-db41-4379-a11d-c24768ca0ac8,natalie_portman
0a9edf8e-0747-42d6-af71-9c326f67854a,leonardo_dicaprio
10021cf0-19b2-43b0-bdb2-ce457ae819d0,jennifer_lawrence
d46c8614-19c2-47b8-a977-d6b73ea1b282,robert_downey_jr
3314a138-2f91-449b-8a2d-97d0ff74164e,denzel_washington
f2854fc1-3f68-4205-8a9a-b1853f20df90,scarlett_johansson
3732e946-768c-43b2-bc90-16cb08458bae,kate_winslet
b62733ee-a241-4795-b8e0-79b89e7b4a8c,nicole_kidman
b6ffeed9-e5f8-46e7-b59e-e1954e4db794,will_smith
56bc5209-0b4e-491a-8753-a81dd2e409ed,sandra_bullock
bcc7a46f-d989-429e-98a0-31523e76d207,jennifer_lawrence
698830a0-165b-463b-b3a7-84ae9dacd62f,angelina_jolie
c2ebf5b0-00df-478d-9d1c-e66afd9225ce,denzel_washington
e6e30348-14ac-454e-8e2b-af1cec2de4ee,will_smith
83c98894-9210-4dec-b006-fc07d10ecc54,denzel_washington
00805def-7be2-4149-9ab0-09d22a72f6d1,angelina_jolie
8ee76e1b-f918-4eda-a0dc-6daca33b4a4b,sandra_bullock
2c03a39e-8a8b-4ccf-8f77-f78be909f3e8,hugh_jackman
931f1c2d-359c-4b16-bdef-237dbd2be1dc,will_smith
d345c098-bde6-4b27-84ca-6a872d6d9c32,hugh_jackman
b34d45e2-c09a-4bbf-a68a-2504d8fd489b,will_smith
85cb345f-21f3-495a-99dd-c320b8042421,tom_hanks
1ee3bc3a-85d8-4de3-9d55-8868e65a5261,sandra_bullock
77ed101e-17d3-4bec-b898-a0c4413a403e,tom_hanks
00dcf1e4-62ac-45f2-8146-ce7ee322f5b9,jennifer_lawrence
68692c23-4c0e-4072-ab61-140a43dc8c2d,robert_downey_jr
425647d8-0805-4a86-9fca-2e763cf4f4ce,scarlett_johansson
c29106e2-a5d8-4415-9c71-46f567352055,hugh_jackman
caee0d8e-5190-4616-9159-147bc1d13303,nicole_kidman
89ff35a0-efc0-4588-9ad4-723046bdf554,tom_hanks
a664a36a-41c1-4183-ab9c-a9cc5d734356,natalie_portman
f52856e4-6287-46aa-97e7-470b718b556b,angelina_jolie
e23a2746-25b5-4d95-91e1-b3e802caef72,denzel_washington
bedc12d0-a20c-4c1a-bbea-32d71efd3d39,angelina_jolie
5ce5f9ee-5d09-47e3-ad05-c1b0b99757bf,megan_fox
a4d2e4cb-d721-4b20-b114-04b6a721a8c9,brad_pitt
085821c6-2ba4-4fd3-81e3-771e7e043b84,leonardo_dicaprio
dbd52f56-9810-474b-8541-1c6ef7b18808,will_smith
707b83f1-65e2-4344-89d2-86df8a6e6325,robert_downey_jr
ebd83f9c-c565-4fa7-8161-f109b4c38682,megan_fox
6f0014f6-a70a-49c1-9141-538e3a33321a,jennifer_lawrence
f842a932-0ca0-43df-a065-02fc7569649a,hugh_jackman
3bc3189f-168f-457e-a0c7-cda1e3bc5826,johnny_depp
697f42d6-0732-499b-96f9-e73f26d84bdb,scarlett_johansson
2ef4ab9f-62d4-4374-9858-4caafd7460c7,kate_winslet
0739a20d-c7ca-4109-be71-523d7e201a22,scarlett_johansson
40cef38c-a564-4586-9667-372262c86c0c,leonardo_dicaprio
ea2fcf49-013b-48ea-b1c9-5bb2afa56672,brad_pitt
849c9a47-aaa8-4529-b636-0f339878b6c9,tom_hanks
73568e0a-1031-416a-b8fa-1857c1b286f4,robert_downey_jr
e947c23f-47f0-441b-8b18-db179f90a277,tom_hanks
db209857-d157-4877-be96-f9b347b8b7b7,kate_winslet
7e69bd82-c52a-45f8-bf59-7740da912eb7,hugh_jackman
059b6e8a-99a8-4320-843d-7b7a6b44a842,natalie_portman
4e07fa27-8e17-4f3b-a7fd-bc98612f0e35,nicole_kidman
2c637d8c-9acb-43fa-b55d-2673769c6a27,sandra_bullock
4d19b68b-1b31-4f03-9fb7-905bd58a2a35,kate_winslet
3d0c53a0-eb99-4bb8-81ec-413eeeb0f191,robert_downey_jr
b44a9d94-ac50-42c0-9131-7392e21573dc,angelina_jolie
b8af2946-09d4-4c84-a612-a64171af3439,sandra_bullock
1e4c9e53-12f9-44a1-a064-bebb4845183f,brad_pitt
7d9ec973-a9fe-4fc2-a38b-111e2090e414,johnny_depp
795e24bd-19c0-4a2d-b2a2-d8049e3b3803,sandra_bullock
3bf3bd0b-ee60-4a87-ab13-980cf1bf42f3,hugh_jackman
1915ae72-3678-478f-bfb1-3c0667aa368b,will_smith
9e2d5d7d-6456-4b7d-b72c-bab255535d6a,sandra_bullock
fed8cc62-0850-4d51-b94c-9a9ce3f1de70,angelina_jolie
6ca8be2c-0aad-4947-bba0-eef800411b8c,denzel_washington
9e875533-5fcf-48fd-b599-9dc76ecc50b2,leonardo_dicaprio
22d607ed-7b57-4c6f-9a38-909b967f514a,jennifer_lawrence
991407b8-8b93-4d84-9cd9-78d258986d4c,leonardo_dicaprio
a44368a5-f2e6-4d9e-811c-91ad943a8aab,jennifer_lawrence
410307ed-5963-478e-aad7-146ec8c42a27,tom_cruise
b7bfb65e-29c3-4bc0-9bff-3a31d653012f,jennifer_lawrence
fe82b7ef-81af-4008-9608-0227a4eaf34d,angelina_jolie
0ef02c48-14f0-4c95-97a8-38c3cc410d9a,sandra_bullock
9649284b-fa60-48eb-b775-734490f870fb,robert_downey_jr
91d12fc7-775c-4e56-b915-b7f2194442c1,brad_pitt
010aa1fc-2485-47c9-8da0-c94178620237,megan_fox
3ae2fe09-7d16-4cbd-994e-c7498adafb1d,nicole_kidman
39bb6e2a-a2e5-4b09-bd18-e400a633a43a,jennifer_lawrence
a34791ef-352f-44e1-84b9-f2aff54a1087,leonardo_dicaprio
745933d6-335f-4ab7-b84e-294da9c98033,johnny_depp
07668c30-dfd5-41fe-99db-099862e020ba,brad_pitt
29d73165-6748-447e-b24c-1362b380ac30,robert_downey_jr
0ef6b5ee-830d-488b-9e96-cb0421719f54,angelina_jolie
ee7903a4-00dc-48ad-8e74-85469fbde46f,scarlett_johansson
a2e11a33-a941-4002-a982-09aaa7522ab9,tom_hanks
26b00a01-b427-474c-91ef-261656610cae,megan_fox
7290f1b0-9a2c-4cb8-afd7-97aca4058d76,johnny_depp
5eceb3b3-1db6-48cc-9d36-7e1fb35620a2,nicole_kidman
6861aaa3-d692-44b5-b375-6e246dbe95d5,natalie_portman
1edcef4a-933c-4bda-ab4a-cfaf33d35e01,sandra_bullock
63c6176b-0f6a-4975-9106-f3bda2321e60,johnny_depp
6ae3848e-74fc-42a1-9639-b98ff6ff5d6b,nicole_kidman
32348180-cfdb-4e6b-b703-5d46d8d1c109,sandra_bullock
568cba1f-b1a9-4449-bc0b-efc8c144ecf4,johnny_depp
3758c14f-4dde-4e62-81c3-8bef4fcbb1c2,jennifer_lawrence
a93a8974-314b-40dd-9026-5cebe25802cf,denzel_washington
0ba053a4-a5ab-4acc-b0e8-3ddc524789a7,leonardo_dicaprio
52ddaaaa-d4f8-4e01-81b1-f3142120a670,hugh_jackman
6b801ae7-2b5c-42f8-8f4f-d477fb5c24a2,natalie_portman
63a51635-48d6-4326-9e16-5731976622da,johnny_depp
93428a08-4335-43a0-b5da-fbb2f9280f8e,natalie_portman
5170d077-da08-422a-be94-7bff2d53c7b4,robert_downey_jr
2ee5e3b8-bdd4-4815-bd49-f4f8f62cefe5,johnny_depp
6c153288-2592-4295-95d8-7c5dc25b1645,scarlett_johansson
229ff181-97a0-4e2e-a45a-2986b5ee1a31,leonardo_dicaprio
1ff50aae-215d-4b3a-8357-6437c12c491e,tom_hanks
f9166827-5aba-45e2-882c-8244c2e2f079,nicole_kidman
0384e859-19f4-4eb3-bc4c-e9d7e1f85812,nicole_kidman
cfc5f604-dc82-4399-8c5e-42bd5d53f53e,natalie_portman
09e72d3c-d0aa-4dc4-85cd-f6ca9a960b52,tom_hanks
8f995d70-d809-4de1-b661-1ea7300ac56d,natalie_portman
b25b3437-f587-4f71-84d0-027e42dc8a75,denzel_washington
cc7304fe-ad74-40be-b41a-fb9c9e61e618,leonardo_dicaprio
075e0e41-bda5-40cf-a76c-672f577f362b,robert_downey_jr
7e1ad603-a5c9-4949-b319-b3c069ca91af,tom_cruise
60a5bbd7-dc3f-4e8f-b91e-a5f6ef4bd277,natalie_portman
048850a5-45fb-4524-ad04-c95cb43c49a0,sandra_bullock
4cf10d41-d336-410d-b54e-4fb4ffe3d87e,tom_cruise
e7007925-c954-4c1c-a1c3-065489c2b317,johnny_depp
0d503abb-89ea-45a1-aaa7-e8ea6fa693b4,kate_winslet
44df4ad7-2f31-4ec7-844f-7ed6d19a063e,tom_cruise
66bb1bc3-9954-422e-a3e8-eb47502c2a3b,sandra_bullock
3ed8a416-85fa-48e5-b926-087d852e75d0,nicole_kidman
1215a759-b479-496c-a27b-762ad3092c0e,scarlett_johansson
a641564a-ccdf-44dd-9304-15e442c23a86,scarlett_johansson
c5c90a57-8b58-4eb3-8532-cd242d054559,sandra_bullock
7853b462-5a63-41f3-9923-a7f304b5900f,brad_pitt
5b3b6346-fec0-400b-97ac-5205610dc123,sandra_bullock
3f40984d-20c4-49be-a61d-fa51e682840a,scarlett_johansson
6b7b1210-0349-44c5-a593-d1338ed9d958,natalie_portman
d116d3ac-c68b-47d6-a382-3dbff4aaa12f,johnny_depp
9e62378a-d1bb-42e2-862e-dcff65496376,jennifer_lawrence
53926cca-b3c6-4a6b-8d44-dd22db6e0246,leonardo_dicaprio
9b1aca32-bf9c-46ad-a706-c5267f0f7f56,leonardo_dicaprio
eb03f5ad-9589-4c48-9639-be4155f8ef8b,scarlett_johansson
cea9f9f2-4ec2-4dac-a26a-fc038bf0c1ee,jennifer_lawrence
e445a20c-c0d0-4b7a-8dae-967f9ca809c3,megan_fox
a688a2a3-cbe3-4ab7-80d0-92d87c86ddf9,robert_downey_jr
5c9ba43e-3e4b-45dc-830f-85c5f4d3931f,will_smith
288c9d2a-a196-4561-a4ea-1bf3ea8cb754,natalie_portman
01857274-af26-4611-866e-95e4bfe16a4d,nicole_kidman
4c84894d-a077-470f-9ef4-3517ee9476b2,johnny_depp
b246503f-1ee5-47a2-b62f-bc55a2482e4d,brad_pitt
9471b61d-ba1d-4a21-8898-c2ac0a5266a9,hugh_jackman
a4272277-806b-4bdb-a55f-6f3246e212a8,hugh_jackman
b1153a7e-a3d4-495e-acb4-e3d3e66b3a77,megan_fox
37353a4c-86b8-4a6b-aa46-f8e204886f4c,tom_cruise
85859c46-4912-467f-b36f-60ffdf92b505,megan_fox
6b5d51ad-fa36-40d7-a867-23266fa88f7b,denzel_washington
73c26ef0-3fa7-42df-8f2a-2f495b437c9b,scarlett_johansson
8435c3ea-5345-456a-a831-7b279f9f45ac,sandra_bullock
363bbd22-c4b1-448f-925c-4ab3b004a155,hugh_jackman
5ea54730-62d2-4ffe-891d-94e90e85f99c,tom_hanks
62b5bf14-560a-4661-8913-329354323bbc,natalie_portman
4a1b59b6-d87e-422a-8323-edebf13aa08a,megan_fox
d32b0c94-ec13-40ab-8154-6853e02254bc,kate_winslet
e066b749-e6dd-4df8-ae69-262584aa1997,hugh_jackman
81d3eed5-d1f3-45b1-8032-614706e6e1c6,robert_downey_jr
8a2ecf83-680f-414c-813e-f894132c3aa1,denzel_washington
3b9cc478-7ee9-4141-ad55-f32acb76b9d6,nicole_kidman
4b124217-4112-4803-8e93-147413840df5,kate_winslet
01329fbc-b878-493b-ae07-d8fba358431b,megan_fox
6d178047-96d6-4616-9108-b8677baaac23,tom_hanks
76f4ed5d-fab2-48ef-8f36-4c994f2fab62,brad_pitt
369242c5-7352-41e8-a5b0-c9d19cefccd4,brad_pitt
7f9660d4-2149-4db5-862e-1db0bdf3cab4,denzel_washington
aead0055-4051-4bf6-a9aa-ccf46196b92d,leonardo_dicaprio
8e764dc8-4049-4516-a0bb-8db4d0b67ff0,jennifer_lawrence
ec9edc2a-514d-4182-b831-ac18052e2a02,tom_cruise
0f388702-6db0-4157-adbd-b3a351321e33,robert_downey_jr
dfcb1256-6f92-4063-8213-aa0699b006a1,natalie_portman
a2f002d7-3711-46db-8785-0e791851f0c6,natalie_portman
f873cb82-e9c0-40cf-b616-2ea507d4ebe2,denzel_washington
74403432-fe53-49cb-a875-1644cb498ac0,scarlett_johansson
66db5918-db99-439d-93a5-993260483fb4,will_smith
96a5d1a1-9f74-4fa8-9e40-c571535f5c09,nicole_kidman
59774fa0-6f13-4d30-b262-185cc7804bb8,natalie_portman
424083bb-b96e-477a-950d-fb1d2bba5106,tom_cruise
a8230b5b-2ba0-442c-8cea-e11c64952846,megan_fox
ebd1d743-41aa-4004-8069-ea18baa6d6d5,megan_fox
acd39f8c-96fe-4a4f-879b-35f9f747ea85,johnny_depp
eac076c7-4d9a-403f-a37c-f9af6f796e91,megan_fox
94443fae-104c-41a5-a1a8-768791b76013,nicole_kidman
10530f3d-07d4-4083-b363-967952962815,jennifer_lawrence
f632b855-420d-4b0a-85c3-8b6629f139cf,sandra_bullock
d8f02b43-0dd1-4ab3-8543-df7a7c7d6eb2,hugh_jackman
5d6c73f8-f032-48bb-97ec-96f3e25fd5f3,tom_cruise
d387cc9d-b1db-410a-9229-9068a342b8ae,brad_pitt
197dad49-2592-4b9c-94df-3b0574fff652,jennifer_lawrence
5119b9c1-4bbf-4227-85d2-515f7db98291,sandra_bullock
bc69f081-e43b-4fc1-85f4-048c45d11fcd,kate_winslet
6473b527-c535-4d52-815a-825b3b9f383b,tom_hanks
85cd44c8-0c78-4a68-bd47-8b3bfcf530b1,leonardo_dicaprio
0d00ad30-7482-486f-ac78-69febfa2f28b,johnny_depp
98bb696d-9189-423d-b73d-0f3b4f574e67,will_smith
b5675d80-dcb8-4c52-a98b-9172e3a5ea87,natalie_portman
46fe5ff3-3bc6-48e9-9c65-0ef8a4d8bb46,megan_fox
50dc2920-3bfb-483c-b173-6b3001178ce8,scarlett_johansson
c58a2a62-55a1-4811-b1d3-dfb3daf0353d,nicole_kidman
01060915-754f-432e-bb24-614417990f2a,jennifer_lawrence
df8c3c01-0ab4-4220-9401-8631dff67956,kate_winslet
56f2aa93-8456-4ae7-8e0a-b63519e2e2cd,nicole_kidman
de4bc18d-a62e-4cae-87fd-0eea37652d17,kate_winslet
6a47859f-35eb-4ada-99db-e96b0e82532b,will_smith
0a7d29f8-2b2d-4cc5-a1ba-42def1ce9e1d,robert_downey_jr
e9605596-769f-433a-8389-2d6ca7e0d2c2,leonardo_dicaprio
5c639a57-9360-4931-bac2-e6f8ae41c855,brad_pitt
e5014c76-613a-4703-bd63-31b28803b595,brad_pitt
624fcdcd-4dc8-4577-a85f-2107473db645,denzel_washington
a708f608-2f97-4117-b070-516f187b22c0,tom_cruise
0e7877c2-9016-451d-9764-cf1ccdfa0075,jennifer_lawrence
fddea699-de37-41ff-b366-efeaad507497,sandra_bullock
fbdbbeb5-7942-4eda-9a31-f2e7f2c6a123,natalie_portman
52509f16-bc4f-41ad-94c1-549948090353,jennifer_lawrence
9980219b-a7ba-4cab-a534-79c0371133d8,denzel_washington
97798fc8-9d62-4361-bda5-90752c0bb85c,leonardo_dicaprio
666d52e3-5b77-426f-8b97-ab9dae5caaac,leonardo_dicaprio
2571b2df-e239-456a-b55e-399af957671a,scarlett_johansson
e0063f2e-5507-4d8a-b722-a7424678be47,nicole_kidman
c628ee60-5b09-41e9-a314-15b371a0ce45,megan_fox
1992b413-ed01-43b7-9f1d-5d06a820fdf2,sandra_bullock
d901d0ae-19ef-47b3-a0ee-75f3734da370,megan_fox
bdcde62e-befd-45bd-9126-696e737dc7b1,hugh_jackman
22062f47-8c46-4988-b268-73e3fd9dbe85,tom_cruise
b643423c-cd64-483c-ad75-5d02c6843245,megan_fox
be0496eb-2bd7-43da-9b7e-90e7a2d06763,jennifer_lawrence
bfddd481-b42e-4885-b970-53616c49b9f9,jennifer_lawrence
0b90a51e-6d92-478c-8afc-d7d3d28ac1c8,kate_winslet
4f139346-ea82-4346-82f0-056ba48692e2,nicole_kidman
79cd391e-8e02-4266-b2e4-25fb82ee3992,nicole_kidman
ea3342e4-68e5-4f46-ac6c-5d83b8ebb71b,denzel_washington
ebada69d-ee90-4189-b010-b8dc0496f855,sandra_bullock
cef4c172-ad36-4399-92df-4f5500204f85,angelina_jolie
69277b6c-87c1-4305-b777-d426ff28547d,megan_fox
c8c5df52-8604-4a86-a0e6-3356888cf970,nicole_kidman
c159734d-814e-42e5-a604-c886dd456356,brad_pitt
3eda4869-4cd2-4f85-a3af-890fa99b7d78,kate_winslet
12130988-5427-4a5b-a093-fa7c023e01fa,hugh_jackman
d78e4e7b-77f4-4366-94ce-155f6225b8d4,johnny_depp
91649f2b-95eb-45fe-8dc0-f76802a88e1f,angelina_jolie
80fe13f3-c0ca-4ee4-97b1-e0b52a4e2b89,scarlett_johansson
e97997fe-fd18-4af3-80f6-eed6349739a0,will_smith
187a0ff6-0396-4cf3-8cc4-4cfee2c48042,will_smith
bef6117a-2bce-4f1b-93b0-9be356d70e9e,sandra_bullock
24f9f82a-cfae-4f8d-95d8-01cdfc7c246a,angelina_jolie
1486c7ee-189d-482f-b953-4526d08489cf,tom_hanks
157dd8fb-4f03-4c03-a339-4dab5718e3ae,jennifer_lawrence
08b9326a-19b1-48cb-b755-d4e2bbf77e24,will_smith
475b9e3d-9b3d-484b-8312-954eaba9f84b,scarlett_johansson
2896c8b8-1cb9-4edc-a50a-3cfa9384b594,kate_winslet
3b9ae773-8298-43c9-be62-8ca4f40f376d,robert_downey_jr
8caaaba4-b091-43cc-87f1-8a7e7e2ae3d4,natalie_portman
d21c11f8-a985-40ef-b304-a70b7231f84b,leonardo_dicaprio
a47a215c-a0f9-42fc-adf9-6507762c2885,angelina_jolie
74d4e538-4b5a-4094-b6c7-8d147f8f2064,scarlett_johansson
23482846-64b5-4661-bd44-c6b727da1483,jennifer_lawrence
ad7bfa70-ceb7-40c9-a12b-235c5e7b532d,scarlett_johansson
ee705726-f346-4bfd-958f-856fbc496ca0,will_smith
0f001a17-729f-4491-9b0e-0a04bef6fd84,jennifer_lawrence
b1ea59fe-6589-40ba-990a-dddef694dc4f,sandra_bullock
acacba19-5dfe-4138-8fbc-75c3e48d98f6,natalie_portman
4b486ac6-281d-4e2b-8619-c19725bc8b0c,angelina_jolie
42e9006c-0087-4986-af24-d198b16a4c45,tom_hanks
244d5016-cbab-4fb2-87c0-1a533d7cafeb,scarlett_johansson
c12b6a21-b3cf-43dc-8d1f-cc7c64bcf78e,megan_fox
10025ff5-823a-420c-8bba-e86dbe2b6be0,kate_winslet
1bd72327-269a-4dfc-85c0-268cd52c7a8a,denzel_washington
93de3156-23a3-4627-95f3-b68c63b52a02,will_smith
07bcc15b-26be-4bca-9f20-f9e4fdcd71af,scarlett_johansson
39d1f059-df2b-4d26-b227-9f55068a2e60,hugh_jackman
fa7058ab-1bf0-4625-804a-5a2e5690936a,tom_hanks
69868a3c-1ce8-42a2-b5c0-decc38a62c1b,tom_cruise
91b9c182-07ef-4985-9a01-e6ff57ecde0e,megan_fox
01b5cbd4-4429-4fa8-8e3f-75277027b675,angelina_jolie
cab74a2d-6d10-47a4-b5f0-6912f91cb0d7,robert_downey_jr
656d5cd7-706e-40b8-835c-449a0e09b586,tom_cruise
79d95201-2b62-4099-8c08-04805bcb4528,sandra_bullock
2748631c-2bf8-487b-919a-27255d9e9e73,kate_winslet
252ec150-acda-49e7-86a3-14be4a44c3aa,megan_fox
0881cfb7-bd36-4ad8-9626-e36cf1728316,robert_downey_jr
67498e12-67f5-4193-a35d-8c0f6c64fdd4,denzel_washington
90630a33-34cd-40c1-b09e-840860721c96,sandra_bullock
65dbaeee-4178-4754-a172-322bebfd56b5,robert_downey_jr
b8cda35c-6eed-4016-ab3f-f0c2d7661e5a,tom_hanks
6acd0ca2-a365-49db-94b0-525bb8684175,will_smith
4aaa54c8-dc3b-4d96-94f5-65f3521808ee,sandra_bullock
4e0bde97-83a3-4a64-909e-3c048119e873,tom_hanks
3dbff862-2ebf-4d2c-ba2b-e053c1627de6,jennifer_lawrence
455f41e1-08d5-4911-945c-9a6287a32527,robert_downey_jr
59ed624a-b8a1-40e0-b793-7daa1aaebdfb,natalie_portman
a9f9765f-444c-4444-92d2-9b20183dc0db,scarlett_johansson
f97fb891-0e83-4303-bc7b-7c1e23797302,natalie_portman
f3b710a8-f0f5-401c-80e6-e3879e6677d1,will_smith
0871e147-fbe0-46ca-b828-1dc5e9fe5331,leonardo_dicaprio
2c490ee8-2192-4dab-b5d1-84f5901caf3c,denzel_washington
64b01d3d-b68a-42d5-b62f-00f893031e56,kate_winslet
56e7fe6d-7860-4bd1-8c5f-df364a9330af,tom_hanks
eef9d189-6ad0-4e86-bf6d-021acdea2a58,tom_hanks
b6066ea6-c6c0-456b-939b-ca0a5444f0d7,jennifer_lawrence
f2e04f45-5ce6-404a-9616-3392fff2566a,leonardo_dicaprio
2a54feee-8469-40b4-975d-35830222e3ea,megan_fox
820b8ce4-1503-47b0-b5a8-86a6aa18c34b,johnny_depp
b164ff0c-22dd-4a7e-8170-ae9952b50458,angelina_jolie
790f3a9f-a05e-4727-83e7-63673b631b5a,brad_pitt
8ba52ebb-a889-41fb-ad50-44861325a858,sandra_bullock
a341dd17-c63c-4123-ac55-f6b57f8e7782,megan_fox
1409e114-d30f-4bf0-abd0-b21646e6555d,brad_pitt
582fac33-66ad-4575-ae5d-af23ed6f38ec,hugh_jackman
586c381f-7e04-4e88-86d4-b10dc8031515,sandra_bullock
4bd32dfe-7302-4a5c-9c7f-4695ccda149b,johnny_depp
5df05d87-4ea3-46f8-aa39-ded999b4a370,kate_winslet
6807cd3f-98a6-486a-92a6-a4e7e185ef05,johnny_depp
4cdc622c-13b2-433a-8b49-25b26fbc9469,natalie_portman
eb837a1f-5980-4fc0-a7e0-126369cfb113,robert_downey_jr
c9f70fc1-2575-4d4a-959f-974b8ee956c6,tom_cruise
cc6007c3-697a-428a-ae85-6249ff9090a2,megan_fox
e91e723b-f762-46d5-ab63-c49e5381ae1a,megan_fox
88c7dd4c-9623-47bf-afef-998b076805ee,kate_winslet
42876161-4bfa-4d51-a8ec-e92b65e64260,tom_cruise
0740de9b-b4ec-436c-a22d-729cb45566f2,sandra_bullock
9d00a043-010c-4da5-9426-4bddcb56e9b3,brad_pitt
520c81e1-4fd6-4201-865a-428ee0c4d999,tom_cruise
01ea1194-2a5b-4c4a-840a-a84190519cca,johnny_depp
4e28abe9-b362-4e6c-a073-47de7d83b1ef,tom_hanks
d94e5373-ec95-4971-a653-920aff1d09c7,nicole_kidman
982963ff-b953-4751-99fc-83bb435c99ea,johnny_depp
cb7e3f89-8f61-4942-b334-fc06a4e20c4d,jennifer_lawrence
378f55c0-7cc9-4c26-b563-9b0e63f3b4a0,angelina_jolie
b791a03b-a6af-4bb1-85c7-0f324f5f9f41,natalie_portman
32348402-87c0-4551-bd7e-c83fd06ecbdd,hugh_jackman
6d49ba11-e3b4-409a-a19c-1a2466cef6fc,megan_fox
8de6a402-b8e8-4161-aa87-c80ae9a536fa,brad_pitt
4198b009-90b4-4ff5-8d78-b30ca4aadebe,will_smith
5c37732e-9b6f-4236-b3d0-d80ec050c876,nicole_kidman
86951ca6-a43d-40be-a49a-275bb957a16a,tom_cruise
850d65cd-7d3c-41b4-a90f-747c6ca012ba,kate_winslet
2b56f08e-77cc-4637-88e6-1154adf4403b,tom_hanks
27e5ddb9-08eb-44c8-8b6e-de97fa657477,sandra_bullock
183b0c8a-460d-4e8f-97dd-9bd3bb93bb2f,leonardo_dicaprio
34c0b76f-eb5c-400c-9123-62722eff2393,angelina_jolie
44a45b07-c731-44e0-8c43-bbe8e64b6177,brad_pitt
6f5d68cf-1a85-4607-b5dd-52cc2fb64d11,tom_cruise
d5f42525-77b0-4b3d-a36d-f6ace2632fa9,brad_pitt
88277fdb-9c0a-41df-bb66-779fa11ecfc3,johnny_depp
84a34bfc-638d-4cec-abc6-df411ad8b7bb,will_smith
b6b2c6de-e3dc-4fee-a56c-e695ccce06c2,tom_hanks
742eb0ac-6aed-466d-b4d5-d56ef11a62dc,tom_cruise
ef5f7786-d23b-4ef9-bf32-45f6602a49f1,tom_hanks
7ecb17fd-516a-4ecd-8891-d2496c83c90b,tom_cruise
a406920c-7733-47fa-82c8-f8b97b5ca213,will_smith
f5c569dd-2f1b-4d1c-87f9-331d941ed641,megan_fox
68b9c6cc-7947-471d-ad31-3439435061f0,brad_pitt
132f635a-d602-4dba-8616-b1ef2f965697,megan_fox
17da73ee-fae4-426a-a377-93f38b234065,hugh_jackman
4ec72ead-1973-4f1f-b725-0dd7446dcbf3,angelina_jolie
15bee24a-393c-4969-a1b4-da69087ed388,brad_pitt
4cc07031-e95d-4860-b39e-6ea1337e92c6,angelina_jolie
4375c9f1-c91d-4c55-8e1e-6fd3c2e3a8de,scarlett_johansson
4fa0fd66-04b9-4381-a3f6-fff50a230df6,scarlett_johansson
5a2d650e-042a-4400-8643-588c6c82c7f0,tom_cruise
9fae5e33-768e-4056-9846-b0fe92b3cf81,sandra_bullock
ce56653d-c963-4822-9048-c69423fa7946,natalie_portman
43b1c4b6-192e-4bb2-818d-80fce103e404,robert_downey_jr
15818fb4-7932-4191-8424-63198e6f861b,megan_fox
ad51d1c8-578e-4435-9364-8b8eb0658474,will_smith
9a22b63e-0666-418d-b59a-85cf7f59f84d,kate_winslet
ec057d59-a936-42a1-8c94-e78f1f9f6597,hugh_jackman
e86e8fb2-a77c-4fdf-b630-db6818aa77f2,angelina_jolie
879b2552-4216-4276-9785-81d82192c052,brad_pitt
9166a617-5407-4bf1-b70d-417b3eae71e1,leonardo_dicaprio
0488ba3a-2a63-4ed0-9ebb-24e755024a13,kate_winslet
bdc7e33d-5d26-4d93-a821-8145b9ac7458,tom_hanks
baa3e3ce-22c5-45c7-bd12-c15313a32afe,tom_cruise
63348e1b-5bc9-4b95-9373-b42b9f330e04,tom_cruise
2143ac78-b133-4407-ac7a-0f8b3e6d30a7,tom_cruise
9b45bf23-c74c-41d3-a583-80e88e028851,kate_winslet
d8f14196-e9f4-449b-b0ef-c40835587252,denzel_washington
e8da1c03-3bf9-4cbc-9af3-6e4b459dbae9,tom_hanks
ef2bc232-aae5-49d7-bd82-14cf94f82575,robert_downey_jr
83213b8b-af2e-4b86-990b-ccff94501d5f,tom_hanks
4ef0eb3b-ff0e-4deb-be30-6a8c9c0f3d42,brad_pitt
5622d6f6-c025-4a17-b3f5-df03d14897b5,natalie_portman
ef7b409e-5dee-4071-a2e9-72f408a68b0a,will_smith
7ea750ee-b1d2-4f77-949e-2d8b80fcfc9f,sandra_bullock
f9f5dabf-6eed-45e7-9853-5064d3fa4b1f,hugh_jackman
5c6324ad-42f9-437f-b007-b1b0f604964c,tom_hanks
8bf4ee01-b25e-4c80-842e-edc8b8cdaa63,denzel_washington
1cbd012a-cc98-4b54-917a-945d53a86371,johnny_depp
e57fe187-220e-4d7e-8198-fcdb03942f44,will_smith
f4b9f3a7-2a23-4b26-b626-8137a9a673ce,will_smith
2efb5a14-9d2f-412d-9baf-1abfb1ecdaa1,hugh_jackman
ea6e710a-5610-4b5a-8583-54255ffbaf96,angelina_jolie
b058aabd-0542-4cfb-ba8b-219304484cb0,megan_fox
511e3cfe-d958-4a57-8085-0c3b40f1e830,brad_pitt
ed8eabeb-5f99-4058-83ee-a704d209eb8d,angelina_jolie
3bb00e64-d2bb-403a-9cd2-cdab9151c300,kate_winslet
5c39a941-661c-4bbf-91e7-75e13053d9fc,denzel_washington
69a2322c-99b0-432f-a041-1536353af6ed,leonardo_dicaprio
801b5b1f-2988-4d1f-acf4-444d606ea8f8,robert_downey_jr
65c47903-08e3-4769-bc98-51dd4e49c5f2,nicole_kidman
700e2780-3656-4632-a6b1-c498c4d74278,kate_winslet
afa0d25f-9e36-4376-953d-1602d836a5b7,denzel_washington
01097848-a866-43cc-abeb-d306e7b8f726,brad_pitt
116690d7-7472-46ff-862e-92852abb3914,will_smith
4b8783ac-dd3d-4b53-85e6-76e72ba61e41,tom_hanks
7c12e0e0-a34b-4969-ad94-6e389b6ec42f,angelina_jolie
80d02239-7f2b-4af9-abfe-48a74fb9de60,robert_downey_jr
e8d9b383-6059-41a9-925a-ea35497d4c3a,sandra_bullock
bb4a1d1c-f988-41f6-be9d-e12af3a2b0b9,robert_downey_jr
c1543ccd-0246-419b-b1ab-4707722acd88,johnny_depp
3883bf53-4449-44a5-bae1-9a15ccb52168,johnny_depp
372a9118-1495-44b1-a94c-5f974a347c9c,natalie_portman
fe0b34c0-3c38-4681-b4cc-cfc2a6ee1d42,jennifer_lawrence
84bfceb0-7c46-47ac-a8d4-c3e949256fb5,robert_downey_jr
52fde0e2-3ebe-4031-924f-1544695592eb,kate_winslet
17f3e06c-7588-41e6-8f6a-9746841b51d4,scarlett_johansson
62374c75-e836-41c0-a5fc-697d5ff1264c,natalie_portman
73cf79f9-9b3f-4a40-8ca9-cccbae647e0d,tom_hanks
426744fb-3d84-4f45-8b56-7f8be26d27d9,angelina_jolie
56cf0a3b-a556-4f91-bad1-887ab5a532e3,tom_cruise
da97f111-9bc3-432a-a122-d35b49256afc,tom_hanks
a5ee6a32-ad4d-493f-9cdd-0801b31648a8,denzel_washington
df204b92-748a-4d4c-9fbc-34d0655e847a,will_smith
eb738de7-d653-4fbb-8363-6d7649a8cfc3,brad_pitt
290fe7fb-5791-4e98-a47a-22573be2565a,nicole_kidman
2dc3121b-534d-43e0-aa51-8ca25a68e236,megan_fox
b788bef1-0045-4d15-9137-25761b44a932,angelina_jolie
cac794e3-c1c3-4538-906e-91b59a13eb55,kate_winslet
356b0745-89ec-456e-b544-70f1e8ec9c41,johnny_depp
30ad1ac4-549e-4a16-a9a6-04368d967559,natalie_portman
caf193d5-099a-4af1-8f7c-ab332bb04f96,angelina_jolie
d46a3b9d-4d91-4673-8de1-484c27896446,hugh_jackman
c6892de1-ea6c-489f-a485-37af23ff5095,hugh_jackman
6892980d-eaf2-4304-90a6-14dec3902056,tom_cruise
20c85698-ace8-4155-8c3a-0a32dc6afbd9,natalie_portman
1dfeceaa-8da8-4322-aa8b-2f8c7e7a9b0c,robert_downey_jr
71ffec31-a713-480c-b022-4cd24ea411e5,megan_fox
f0a32b90-53fe-4d16-aecb-4c702020d27f,leonardo_dicaprio
5483e055-3374-4ba1-b13c-af52dafc9083,natalie_portman
3b426239-09f6-4cad-ab56-831b7b65aff1,johnny_depp
25f6784b-b2d8-4dc9-b081-f223426edebe,denzel_washington
4c994af3-433b-462f-8cb0-8e5aba4496c1,natalie_portman
42249a4b-9c49-4e29-a650-f49452752312,will_smith
29641124-999a-439b-8b86-a4c9686cac6c,angelina_jolie
148c9720-8230-42c6-aca6-fdfae5bb52ea,scarlett_johansson
55184edc-1208-4a14-969e-ddcec4450467,leonardo_dicaprio
a7895801-2f24-45c7-9335-abedeef815a3,brad_pitt
efd6ee18-957c-4930-baaa-ef1ce09de733,tom_cruise
80f07214-24c3-4dc3-beb3-5639ae128f09,hugh_jackman
d583678f-4387-442a-8b1e-3481f0d48e51,brad_pitt
ae57f9b8-ba66-4e27-b354-d34292002587,will_smith
bd46075f-990e-4fde-800f-a60f900dce09,tom_cruise
c2f2520d-efc0-4759-998b-76776609da94,kate_winslet
d977541e-64f3-48e8-9cf8-fd5da63f1445,brad_pitt
2a1fe539-1947-4e6d-bc5b-0d44b3ba2a8c,scarlett_johansson
8e795344-2064-4a6f-952e-a88ba8f630b4,kate_winslet
ced5289f-57a9-415e-b594-ffa9145250ae,johnny_depp
dc756a94-ff56-4455-b164-219a0eeff9d3,leonardo_dicaprio
318d1567-d8ee-4077-87ba-c4d81a4eca60,angelina_jolie
86497072-e360-4b4d-9dc5-47c8918cd299,jennifer_lawrence
f072c849-b047-4308-8d59-3bc314288549,denzel_washington
b0079988-2606-489e-88f3-20e85953e5a4,brad_pitt
e4af027d-97eb-4f73-8363-b1c6abd9caa3,sandra_bullock
8247ae82-b049-4733-9e28-107a5044b2ed,nicole_kidman
89002524-bad4-473b-bb50-1e351e203a29,kate_winslet
6c0945fc-fc18-45de-904a-bc83036c3221,nicole_kidman
b44493b7-4a33-48a8-8e63-eec19504c503,robert_downey_jr
362e7325-1bd5-440a-8c35-cb6c88ad3213,denzel_washington
b189690e-4ddc-4442-89a8-b95587ef62b4,jennifer_lawrence
9d436631-2361-4404-8278-44c3fc75ab92,natalie_portman
1e7adce7-65ad-4dc2-8d7e-df7d56b237fa,tom_hanks
b141e762-0db1-44b6-a4a9-852fc240f4bb,leonardo_dicaprio
0fc1711a-ccd5-4d32-942b-63fffbfea914,will_smith
df4ba88f-abb5-484b-804e-f44b4022b6ff,tom_cruise
653cca74-9112-441a-b7eb-832f1c80ad1a,megan_fox
b06c1b0f-cbc7-41c6-b4bd-32487d999e76,nicole_kidman
9cd92c1d-4965-4aa1-84c1-8d7578284675,scarlett_johansson
6c88ae17-240e-4579-a8e3-b2aaae3f072d,leonardo_dicaprio
cab8e411-6ab1-4c67-992e-e7d5d25aab46,natalie_portman
5268aac3-910b-4f58-a702-bd2c89e2d4e5,hugh_jackman
7f63c51e-ba9d-4ccd-bddd-6ebfb4e73c5b,nicole_kidman
774e38cf-5d7b-447c-9fca-f64d5ec161ef,brad_pitt
1b76634d-ec53-40c0-a8e1-959ca768dad2,leonardo_dicaprio
ff289750-9ac1-419f-80be-6b22273295a5,tom_cruise
62b4fe17-7a54-44c5-9039-d16db6a8f76a,leonardo_dicaprio
a31eb96e-9ce6-4633-8539-31cd8adb3bd2,scarlett_johansson
81fa4788-88da-46ab-8663-69cd572a724f,nicole_kidman
6ad16e65-e4e3-45a1-bbe7-4f36b188d277,leonardo_dicaprio
da7df2f0-d0d5-4a20-9b25-c76ff899a10a,angelina_jolie
e086161b-643b-4dec-8646-a2a3627d8ca1,brad_pitt
7a0a5c55-b32f-4c1c-a5d1-5898b2f31888,will_smith
a076265d-bd08-46a7-92e0-0952b2917186,hugh_jackman
c184a1a6-b5c5-4269-bc76-2c8950096141,scarlett_johansson
ffe10c96-4e41-4273-94fc-8ccd9d4c5820,kate_winslet
52f78853-1f29-4b0e-8d88-1a35af873573,hugh_jackman
d04c88a5-d021-435a-bfd1-5336004e2d9b,will_smith
9ce9e103-260e-45b6-a53f-ad19b3d1b194,leonardo_dicaprio
f3fe6655-f4d5-4afc-a501-cc9ee4ae7c42,denzel_washington
e9cee32e-df50-4c98-a7d0-ae81443616b3,johnny_depp
e117dcd3-50dc-41ea-8ff2-ed7c8e7855af,leonardo_dicaprio
06192bc6-b423-494a-bebb-fe3bef236fb2,johnny_depp
2e9aa9f0-0121-430a-b436-f955758d96a4,denzel_washington
baebb878-e704-4d09-b82e-513541ac3c38,jennifer_lawrence
88e6c80d-5512-4797-8886-8da3bf2f10c7,sandra_bullock
8c030a4d-4009-4ce0-9be7-b4f404edbbb8,nicole_kidman
8a6681f2-c057-4c6e-ae9e-4c1bc476f22d,tom_cruise
e5c88241-8399-4495-85c6-56ebf2ae0b22,scarlett_johansson
d258cb26-a2c0-43bf-9ab6-9075df1ad0c2,sandra_bullock
8314fbef-305a-49b4-886f-d723cb619331,leonardo_dicaprio
3a454730-c9eb-4c1f-86ef-7cdf80aa415d,brad_pitt
036066f7-a611-4ef4-b83b-2628b2705cd2,kate_winslet
1edf742a-0785-4869-87da-8b17fa883165,will_smith
83366780-c611-4077-813f-6a5089444565,sandra_bullock
a023f10c-0254-4077-bb06-12a5cdc9508e,johnny_depp
28b47fcd-8f1d-4932-a39e-5fec7ccce553,natalie_portman
469f033e-98c9-435b-bb93-377599d51f25,tom_hanks
eae6094e-4e6d-4f30-9ee4-89f69aa35982,tom_cruise
45a26ae4-7821-4f3e-a2eb-97a9d8558234,angelina_jolie
1c514483-dba1-4b04-990c-4e78e3472713,scarlett_johansson
e753f0b9-3d7d-422b-b510-3225772b867b,tom_hanks
f5e57943-ba75-462b-89e4-677ab9f0f8eb,leonardo_dicaprio
850e4504-4797-481e-a29e-3af91db20398,megan_fox
f4fff12e-c887-4584-b225-21bd04c9dc14,kate_winslet
f97ea12b-fd2d-4813-9ec5-dd27c9067712,sandra_bullock
84ff33ea-5bef-4cde-ba28-65e4f91a6902,will_smith
e105976b-9cee-44b9-8526-b44e2a4984da,nicole_kidman
6d618594-40ee-4b1e-b67f-d00b9665ad68,denzel_washington
17d3012e-8778-4bd7-a187-1786a75ece1d,denzel_washington
379158b6-db68-48c4-b574-c6f940d5c7a8,sandra_bullock
86b8ec7d-8fa5-4056-80d7-718441250fdb,scarlett_johansson
4437d29b-7874-4441-8b3b-36182dbbd6c1,angelina_jolie
0831c4df-be2f-4892-a25a-9456468ceee6,hugh_jackman
4faf582c-d842-4e90-9266-92ac26210718,jennifer_lawrence
2a6ef220-c209-4d02-8d69-008800bc48c5,johnny_depp
4dab03da-329a-41e2-851b-3ea2f87e5e70,brad_pitt
e4fd082c-20b9-4c4c-8f1f-25f6275dfb88,tom_cruise
6dedb142-0a74-4553-8fb9-13903d10dacd,nicole_kidman
070b5d1e-b1a1-42a4-aaaf-f7d4074d4455,leonardo_dicaprio
11c41491-9141-40ec-8280-6b96c9b9d8c4,angelina_jolie
0ce891f3-9b7f-4b85-a295-f4eac52ea09d,tom_cruise
75e526e1-fa67-4545-8118-9576ea50a107,will_smith
c3862963-071a-4ded-a5d7-4de96227feb6,nicole_kidman
7961f902-1e73-4148-b023-c37da9773f72,nicole_kidman
d4eb306b-abba-4d76-9df6-ac7bdde96dd0,tom_cruise
a05d92b3-0db8-44d4-b007-ecef5a8a9ad9,leonardo_dicaprio
af9ef7ca-d548-4a92-9b85-c19bd931c092,angelina_jolie
10ce43c3-fc56-4e59-b3df-66b9c7bb1f1f,tom_hanks
8c50536a-c6f1-4952-a458-7db069fc301b,leonardo_dicaprio
7fd951ac-96e1-46f9-a3fe-fc2ab239952c,brad_pitt
5ac5f074-e857-4c8b-a7ba-52f50c22a407,tom_cruise
fac0493d-8b82-4442-b41b-c4e4fd552fe9,robert_downey_jr
0af754b7-9784-42cd-be7b-0c327b3ca461,jennifer_lawrence
bb3e4fc8-78fd-42cb-b688-45b0a45bb841,kate_winslet
63d7ff2f-6076-42ad-81a6-5c9ae46d301f,denzel_washington
d9fad2b0-087b-478c-96e2-67a784a7591e,kate_winslet
20596909-6457-446f-abf7-7cbaceba653e,natalie_portman
8002cf56-014d-46dc-8b5d-85fb7fcf410c,will_smith
55fc269f-2644-4ed4-8b6e-ecb0d26603ea,megan_fox
bda9da53-c7e0-4bfe-ac77-e2d696dfbbba,nicole_kidman
69a6c336-eeba-4145-bc4a-37aa72ff6222,johnny_depp
b77ea041-3fb8-417c-a28d-577c4ff5187f,nicole_kidman
018c1d16-fc00-4310-84b2-a364bb979cee,megan_fox
742c7e50-76c2-4215-9ef3-2de2120328d8,angelina_jolie
f4066309-6a06-4e57-a1c8-a654a22aa7b9,natalie_portman
dcacb458-06ff-4360-bc34-1ca125421d9a,megan_fox
b0e7d58e-57d4-4e76-aaa6-ced2ceec19b7,kate_winslet
a7104e71-207b-43dd-88b7-d9512e039753,denzel_washington
740c89ad-0dd3-4550-9e73-22b9306ca3d4,hugh_jackman
869859a6-32a7-43c7-88db-36c20d6763ab,sandra_bullock
f8a01755-6751-4897-ad62-fdd8905a236a,natalie_portman
2b89a1e4-4460-487d-a012-ef81c0d9532a,hugh_jackman
40a8839b-4d9a-4650-a6f9-a23cb1d9ffb6,natalie_portman
f1be946d-7590-4956-9491-e9cc0139129e,hugh_jackman
a5496b30-81e8-4d68-910c-95dd98b37f8d,kate_winslet
cb5e0603-2144-488a-a2a9-a09c585feec0,jennifer_lawrence
e0f40ff7-9cff-4afe-b9e0-0961d2ae180b,scarlett_johansson
e6bc37aa-ee88-4ba1-8500-b7ad784c0691,megan_fox
07b1b8cf-6dbd-46c2-a540-5da770dafcf5,kate_winslet
159e2978-ba85-4959-83b9-87a7ade124e6,robert_downey_jr
597cf6aa-f51f-4280-adf0-68e13ce85668,jennifer_lawrence
be68f9a3-d3ac-4398-a549-1410c5221993,will_smith
039f934b-fb0b-4997-b5a4-ede5c5366787,leonardo_dicaprio
b43635f2-7178-48e4-bff9-07be9a024f8f,will_smith
00dc8808-886e-4590-ae18-2c9b0325290a,sandra_bullock
1685af03-0d06-49a3-be1e-756684d70484,leonardo_dicaprio
efa88cec-944e-4f26-9f4c-6ee94136b989,hugh_jackman
742ba176-4aa7-4993-b711-940acbc05d36,angelina_jolie
181f4114-9096-49bb-94fb-5a3bd1136cc9,denzel_washington
62ea60c3-2900-4853-bf31-eadf48916b74,brad_pitt
4e00630c-7746-43c4-848a-47d6ed519167,sandra_bullock
277877d1-6a81-48a6-a101-cb68c231d5c4,natalie_portman
e23faf37-27f3-4b16-8ae2-b1e0f42096dc,sandra_bullock
4bc53a43-3c00-455c-a93f-bb9e0da2ebcc,johnny_depp
9f542c55-41ca-461e-bba9-ce95d7a15ed2,scarlett_johansson
0e05f0cf-0d2d-403a-bcac-449248de3eca,leonardo_dicaprio
f8e3856f-5d97-4915-9d55-58a0dadeaf7b,brad_pitt
3026ccc6-36af-4743-880d-dab5f515aaba,kate_winslet
8d47eaa5-2547-4ab9-971d-4abd5408f41f,robert_downey_jr
74790540-9b9b-41eb-9de4-29c03d638652,hugh_jackman
fd64840d-b076-4511-bf99-83e99ed18838,hugh_jackman
39ef38a5-6051-40b5-b23b-875d1cfc019f,denzel_washington
1fec39e4-090a-400e-9a88-e506015f9023,sandra_bullock
2640f723-e0ef-42c6-a8f6-c5b82c60408e,johnny_depp
9be3b470-b822-4f8a-b84a-751b6abf4544,denzel_washington
24bb4d92-832d-4b98-893a-d80b58bd9682,hugh_jackman
f0ca3cc9-4f7d-47c7-9700-6ca2037a0680,will_smith
bbc92934-c7ef-49ef-97dd-9b0f52c9817d,brad_pitt
ab6ad4b4-732b-4ebb-bacc-d425765edecf,johnny_depp
48f93421-9506-4b21-952f-c4f8c36b383b,tom_cruise
a2bcea41-9277-48e5-b0e1-592b74e0af31,kate_winslet
7db53b49-9e86-4cf0-81f8-6e471915a419,nicole_kidman
3931ec68-e4f1-4428-9d83-6c8d1e71f0a0,megan_fox
621887e9-da31-41f3-b039-4bede4b56447,johnny_depp
71c7880f-f85d-4218-b57a-4a9e4fdeac26,brad_pitt
d6069bac-fb77-46b6-8d60-b2aa2ddc59da,johnny_depp
b2fcfdaf-2444-48fb-8ec9-fbec9341251c,natalie_portman
4f2622dd-1fbd-415f-af44-ecba9a61e089,megan_fox
62c24e76-8ff5-479c-84ca-c82f550cd231,natalie_portman
7d034fd7-19e4-4e75-bd2d-9fc0c499b69a,tom_cruise
b2fdbf87-52eb-42b1-84b7-b94adbccfec7,hugh_jackman
953f4286-2093-4d60-9c11-702a83161d99,megan_fox
3a875eff-12a1-4b6c-8d93-cf6640f5e4ff,leonardo_dicaprio
8303ee9b-bb3a-41f8-93fb-6dd9a3b4dbd8,denzel_washington
1c2693d1-74fa-49c5-8f9b-af1ecd51527a,natalie_portman
8d8d421a-c94d-44de-8150-574612d86de3,tom_hanks
3a69da35-7c84-4473-99ca-a874aa0daa0d,megan_fox
3cf7d3f4-3ab7-48b4-aebd-55926075a9cd,sandra_bullock
da5bd4c7-8db2-4d51-8236-e20734bba626,kate_winslet
